367 listings to photograph
[photos] skip GAC Toyota Camry XV70 2.5Q form Guangzhou Auto Show in 2017.jpg Vercel Blob: Cannot use public access on a private store. The store is configured with private access.
[photos] skip GAC Toyota Camry XV70 Hybrid form Guangzhou Auto Show in 2017.jpg Vercel Blob: Cannot use public access on a private store. The store is configured with private access.
[photos] skip 2017 Toyota Camry (ASV70R) SX sedan (2018-11-02) 01.jpg Vercel Blob: Cannot use public access on a private store. The store is configured with private access.
[photos] skip 2017 Toyota Camry (ASV70R) SX sedan (2018-11-02) 02.jpg Vercel Blob: Cannot use public access on a private store. The store is configured with private access.
[photos] skip 2017 Toyota Camry Exclusive brown rear.jpg Vercel Blob: Cannot use public access on a private store. The store is configured with private access.
[photos] skip 2011-2014 Toyota Camry Hybrid rear.jpg Vercel Blob: Cannot use public access on a private store. The store is configured with private access.
[photos] skip 2016 Toyota Camry Exclusive white front.jpg Vercel Blob: Cannot use public access on a private store. The store is configured with private access.
[photos] skip (USA-Massachusetts) Private Toyota Camry NJ-Z22UKZ rear 2024-06-06.jpg Vercel Blob: Cannot use public access on a private store. The store is configured with private access.
[photos] skip 2020 Toyota Camry S-Edition front.jpg Vercel Blob: Cannot use public access on a private store. The store is configured with private access.
- 2017 Toyota Camry (0)
[photos] skip 2019 Toyota Camry LE in white, front left.jpg Vercel Blob: Cannot use public access on a private store. The store is configured with private access.
[photos] skip 2019 Toyota Camry LE in white, rear left.jpg Vercel Blob: Cannot use public access on a private store. The store is configured with private access.
[photos] skip Toyota Camry Monrepos 2019 IMG 1918.jpg Vercel Blob: Cannot use public access on a private store. The store is configured with private access.
[photos] skip Toyota Camry Richmond Raceway Pace Car 2019.jpg Vercel Blob: Cannot use public access on a private store. The store is configured with private access.
[photos] skip 2019 Toyota Camry LE.jpg Vercel Blob: Cannot use public access on a private store. The store is configured with private access.
[photos] skip 2017 Toyota Camry Exclusive brown rear.jpg Vercel Blob: Cannot use public access on a private store. The store is configured with private access.
[photos] skip 2011-2014 Toyota Camry Hybrid rear.jpg Vercel Blob: Cannot use public access on a private store. The store is configured with private access.
[photos] skip 2016 Toyota Camry Exclusive white front.jpg Vercel Blob: Cannot use public access on a private store. The store is configured with private access.
[photos] skip (USA-Massachusetts) Private Toyota Camry NJ-Z22UKZ rear 2024-06-06.jpg Vercel Blob: Cannot use public access on a private store. The store is configured with private access.
[photos] skip 2020 Toyota Camry S-Edition front.jpg Vercel Blob: Cannot use public access on a private store. The store is configured with private access.
- 2019 Toyota Camry (0)
[photos] skip 2021 Toyota Camry GR Sport white rear.jpg Vercel Blob: Cannot use public access on a private store. The store is configured with private access.
[photos] skip 2021 Toyota Camry GR Sport white front.jpg Vercel Blob: Cannot use public access on a private store. The store is configured with private access.
[photos] skip 2021 Toyota Camry GR Sport front.jpg Vercel Blob: Cannot use public access on a private store. The store is configured with private access.
[photos] skip Toyota Camry XSE (2021) (54191551222).jpg Vercel Blob: Cannot use public access on a private store. The store is configured with private access.
[photos] skip 2021 Toyota Camry 2.5 Premium.jpg Vercel Blob: Cannot use public access on a private store. The store is configured with private access.
[photos] skip 2017 Toyota Camry Exclusive brown rear.jpg Vercel Blob: Cannot use public access on a private store. The store is configured with private access.
[photos] skip 2011-2014 Toyota Camry Hybrid rear.jpg Vercel Blob: Cannot use public access on a private store. The store is configured with private access.
[photos] skip 2016 Toyota Camry Exclusive white front.jpg Vercel Blob: Cannot use public access on a private store. The store is configured with private access.
[photos] skip (USA-Massachusetts) Private Toyota Camry NJ-Z22UKZ rear 2024-06-06.jpg Vercel Blob: Cannot use public access on a private store. The store is configured with private access.
[photos] skip 2016 Toyota Camry Exclusive black rear.jpg Vercel Blob: Cannot use public access on a private store. The store is configured with private access.
- 2021 Toyota Camry (0)
[photos] skip 2023 Toyota Camry XSE, rear right, 08-30-2026.jpg Vercel Blob: Cannot use public access on a private store. The store is configured with private access.
[photos] skip 2023 Toyota Camry XSE, front right, 08-30-2026.jpg Vercel Blob: Cannot use public access on a private store. The store is configured with private access.
[photos] skip Toyota Camry IX front quarter, Guangzhou,202311191646.jpg Vercel Blob: Cannot use public access on a private store. The store is configured with private access.
[photos] skip Toyota Camry IX front quarter, Guangzhou, 202311191645.jpg Vercel Blob: Cannot use public access on a private store. The store is configured with private access.
[photos] skip Phoenix Raceway Toyota Camry 2023.jpg Vercel Blob: Cannot use public access on a private store. The store is configured with private access.
[photos] skip 2017 Toyota Camry Exclusive brown rear.jpg Vercel Blob: Cannot use public access on a private store. The store is configured with private access.
[photos] skip 2011-2014 Toyota Camry Hybrid rear.jpg Vercel Blob: Cannot use public access on a private store. The store is configured with private access.
[photos] skip 2016 Toyota Camry Exclusive white front.jpg Vercel Blob: Cannot use public access on a private store. The store is configured with private access.
[photos] skip (USA-Massachusetts) Private Toyota Camry NJ-Z22UKZ rear 2024-06-06.jpg Vercel Blob: Cannot use public access on a private store. The store is configured with private access.
[photos] skip 2020 Toyota Camry S-Edition front.jpg Vercel Blob: Cannot use public access on a private store. The store is configured with private access.
- 2023 Toyota Camry (0)
[photos] skip 2025 Toyota Camry LE, front left, 05-24-2025.jpg Vercel Blob: Cannot use public access on a private store. The store is configured with private access.
[photos] skip 2025 Toyota Camry LE, front left.jpg Vercel Blob: Cannot use public access on a private store. The store is configured with private access.
[photos] skip 2025 Toyota Camry LE, rear left, 05-24-2025.jpg Vercel Blob: Cannot use public access on a private store. The store is configured with private access.
[photos] skip 2025 Toyota Camry LE, rear left.jpg Vercel Blob: Cannot use public access on a private store. The store is configured with private access.
[photos] skip Toyota Camry Hong Kong rear view (January 22, 2025).jpg Vercel Blob: Cannot use public access on a private store. The store is configured with private access.
[photos] skip 2017 Toyota Camry Exclusive brown rear.jpg Vercel Blob: Cannot use public access on a private store. The store is configured with private access.
[photos] skip 2011-2014 Toyota Camry Hybrid rear.jpg Vercel Blob: Cannot use public access on a private store. The store is configured with private access.
[photos] skip 2016 Toyota Camry Exclusive white front.jpg Vercel Blob: Cannot use public access on a private store. The store is configured with private access.
[photos] skip (USA-Massachusetts) Private Toyota Camry NJ-Z22UKZ rear 2024-06-06.jpg Vercel Blob: Cannot use public access on a private store. The store is configured with private access.
[photos] skip 2020 Toyota Camry S-Edition front.jpg Vercel Blob: Cannot use public access on a private store. The store is configured with private access.
- 2025 Toyota Camry (0)
[photos] skip 2016 Toyota Corolla Axio Hybrid sedan rear.jpg Vercel Blob: Cannot use public access on a private store. The store is configured with private access.
[photos] skip 2016 Toyota Corolla Axio Hybrid sedan front.jpg Vercel Blob: Cannot use public access on a private store. The store is configured with private access.
[photos] skip 2016 Toyota Corolla Axio rear.jpg Vercel Blob: Cannot use public access on a private store. The store is configured with private access.
[photos] skip Toyota Corolla Altis ESport '2016 front.jpg Vercel Blob: Cannot use public access on a private store. The store is configured with private access.
[photos] skip Toyota Corolla Altis ESport '2016 side.jpg Vercel Blob: Cannot use public access on a private store. The store is configured with private access.
[photos] skip 1997-2000 Toyota Corolla Wagon BZ Touring rear.jpg Vercel Blob: Cannot use public access on a private store. The store is configured with private access.
[photos] skip 1987-1989 Toyota Corolla GT rear.jpg Vercel Blob: Cannot use public access on a private store. The store is configured with private access.
[photos] skip 2023-2025 Toyota GR Corolla RZ rear.jpg Vercel Blob: Cannot use public access on a private store. The store is configured with private access.
[photos] skip 2015-2017 Toyota Corolla Fielder Hybrid rear.jpg Vercel Blob: Cannot use public access on a private store. The store is configured with private access.
[photos] skip Toyota Corolla Cross Hybrid Z rear.jpg Vercel Blob: Cannot use public access on a private store. The store is configured with private access.
- 2016 Toyota Corolla (0)
[photos] skip 2019 Toyota Corolla Altis 1.6 G (Rear).jpg Vercel Blob: Cannot use public access on a private store. The store is configured with private access.
[photos] skip Toyota Corolla Hybrid Sedan, GIMS 2019, Le Grand-Saconnex (GIMS1338).jpg Vercel Blob: Cannot use public access on a private store. The store is configured with private access.
[photos] skip Toyota Corolla Trek Hybrid Genf 2019 1Y7A5587.jpg Vercel Blob: Cannot use public access on a private store. The store is configured with private access.
[photos] skip Toyota Corolla, GIMS 2019, Le Grand-Saconnex (GIMS1340).jpg Vercel Blob: Cannot use public access on a private store. The store is configured with private access.
[photos] skip Toyota Corolla Monrepos 2019 IMG 1901.jpg Vercel Blob: Cannot use public access on a private store. The store is configured with private access.
[photos] skip 1997-2000 Toyota Corolla Wagon BZ Touring rear.jpg Vercel Blob: Cannot use public access on a private store. The store is configured with private access.
[photos] skip 1987-1989 Toyota Corolla GT rear.jpg Vercel Blob: Cannot use public access on a private store. The store is configured with private access.
[photos] skip 2023-2025 Toyota GR Corolla RZ rear.jpg Vercel Blob: Cannot use public access on a private store. The store is configured with private access.
[photos] skip 2015-2017 Toyota Corolla Fielder Hybrid rear.jpg Vercel Blob: Cannot use public access on a private store. The store is configured with private access.
[photos] skip Toyota Corolla Cross Hybrid Z rear.jpg Vercel Blob: Cannot use public access on a private store. The store is configured with private access.
- 2019 Toyota Corolla (0)
[photos] skip 2022 FAW-Toyota Corolla Cross (front).jpg Vercel Blob: Cannot use public access on a private store. The store is configured with private access.
[photos] skip 2022 FAW-Toyota Corolla Cross (rear).jpg Vercel Blob: Cannot use public access on a private store. The store is configured with private access.
[photos] skip 2022 Toyota Corolla Altis 1.8G Prestige rear.jpg Vercel Blob: Cannot use public access on a private store. The store is configured with private access.
[photos] skip 2022 Toyota Corolla Altis 1.8G Prestige front.jpg Vercel Blob: Cannot use public access on a private store. The store is configured with private access.
[photos] skip 2022 Toyota Corolla Cross L FWD, Front Left, 11-21-2021.jpg Vercel Blob: Cannot use public access on a private store. The store is configured with private access.
[photos] skip 1997-2000 Toyota Corolla Wagon BZ Touring rear.jpg Vercel Blob: Cannot use public access on a private store. The store is configured with private access.
[photos] skip 1987-1989 Toyota Corolla GT rear.jpg Vercel Blob: Cannot use public access on a private store. The store is configured with private access.
[photos] skip 2023-2025 Toyota GR Corolla RZ rear.jpg Vercel Blob: Cannot use public access on a private store. The store is configured with private access.
[photos] skip 2015-2017 Toyota Corolla Fielder Hybrid rear.jpg Vercel Blob: Cannot use public access on a private store. The store is configured with private access.
[photos] skip Toyota Corolla Cross Hybrid Z rear.jpg Vercel Blob: Cannot use public access on a private store. The store is configured with private access.
- 2022 Toyota Corolla (0)
[photos] skip 2017 Toyota RAV4 Excel TSS VVT-I Automatic 2.0 Rear.jpg Vercel Blob: Cannot use public access on a private store. The store is configured with private access.
[photos] skip 2017 Toyota RAV4 Excel TSS VVT-I Automatic 2.0 Front.jpg Vercel Blob: Cannot use public access on a private store. The store is configured with private access.
[photos] skip 2017 Toyota Rav4 XLE in Black, Front Right, 08-30-2022.jpg Vercel Blob: Cannot use public access on a private store. The store is configured with private access.
[photos] skip Toyota RAV4 Hybrid, IAA 2017, Frankfurt (1Y7A3361).jpg Vercel Blob: Cannot use public access on a private store. The store is configured with private access.
[photos] skip 2017 Toyota Rav4 XLE Hybrid AWD-I (37112518955).jpg Vercel Blob: Cannot use public access on a private store. The store is configured with private access.
[photos] skip 2025 Toyota RAV4 Hybrid Adventure.jpg Vercel Blob: Cannot use public access on a private store. The store is configured with private access.
[photos] skip 2021 Toyota RAV4 PHV.jpg Vercel Blob: Cannot use public access on a private store. The store is configured with private access.
[photos] skip 2025 Toyota RAV4 Hybrid Z.jpg Vercel Blob: Cannot use public access on a private store. The store is configured with private access.
[photos] skip Toyota RAV4 Hybrid, GIMS 2019, Le Grand-Saconnex (GIMS0518).jpg Vercel Blob: Cannot use public access on a private store. The store is configured with private access.
[photos] skip TOYOTA RAV4 PHEV RAV4 PRIME (XA50) China.jpg Vercel Blob: Cannot use public access on a private store. The store is configured with private access.
- 2017 Toyota RAV4 (0)
[photos] skip 2020 Toyota RAV4 2.5 LTD in Urban Khaki, rear right, 06-20-2024.jpg Vercel Blob: Cannot use public access on a private store. The store is configured with private access.
[photos] skip 2020 Toyota RAV4 2.5 LTD in Urban Khaki, front right, 06-20-2024.jpg Vercel Blob: Cannot use public access on a private store. The store is configured with private access.
[photos] skip 2020 Toyota Rav4 XLE, Front Left, 09-30-2020.jpg Vercel Blob: Cannot use public access on a private store. The store is configured with private access.
[photos] skip 2020 Toyota RAV4 hybrid.jpg Vercel Blob: Cannot use public access on a private store. The store is configured with private access.
[photos] skip Toyota Rav4 Hybrid 2020 (52650101457).jpg Vercel Blob: Cannot use public access on a private store. The store is configured with private access.
[photos] skip 2025 Toyota RAV4 Hybrid Adventure.jpg Vercel Blob: Cannot use public access on a private store. The store is configured with private access.
[photos] skip 2021 Toyota RAV4 PHV.jpg Vercel Blob: Cannot use public access on a private store. The store is configured with private access.
[photos] skip 2025 Toyota RAV4 Hybrid Z.jpg Vercel Blob: Cannot use public access on a private store. The store is configured with private access.
[photos] skip Toyota RAV4 Hybrid, GIMS 2019, Le Grand-Saconnex (GIMS0518).jpg Vercel Blob: Cannot use public access on a private store. The store is configured with private access.
[photos] skip TOYOTA RAV4 PHEV RAV4 PRIME (XA50) China.jpg Vercel Blob: Cannot use public access on a private store. The store is configured with private access.
- 2020 Toyota RAV4 (0)
[photos] skip 2011 Toyota RAV4 4WD, front right, 07-09-2023.jpg Vercel Blob: Cannot use public access on a private store. The store is configured with private access.
[photos] skip 2023 Toyota RAV4 Design PHEV - 2487cc 2.5 (306PS) Petrol Hybrid - Decuma Grey - 02-2024, Front.jpg Vercel Blob: Cannot use public access on a private store. The store is configured with private access.
[photos] skip 2011 Toyota RAV4 4WD, rear right, 07-09-2023.jpg Vercel Blob: Cannot use public access on a private store. The store is configured with private access.
[photos] skip 2023 Toyota RAV4 Design PHEV - 2487cc 2.5 (306PS) Petrol Hybrid - Decuma Grey - 02-2024, Rear.jpg Vercel Blob: Cannot use public access on a private store. The store is configured with private access.
[photos] skip Toyota RAV4 XA50 Shishi 01 2023-04-26.jpg Vercel Blob: Cannot use public access on a private store. The store is configured with private access.
[photos] skip 2025 Toyota RAV4 Hybrid Adventure.jpg Vercel Blob: Cannot use public access on a private store. The store is configured with private access.
[photos] skip 2021 Toyota RAV4 PHV.jpg Vercel Blob: Cannot use public access on a private store. The store is configured with private access.
[photos] skip 2025 Toyota RAV4 Hybrid Z.jpg Vercel Blob: Cannot use public access on a private store. The store is configured with private access.
[photos] skip Toyota RAV4 Hybrid, GIMS 2019, Le Grand-Saconnex (GIMS0518).jpg Vercel Blob: Cannot use public access on a private store. The store is configured with private access.
[photos] skip TOYOTA RAV4 PHEV RAV4 PRIME (XA50) China.jpg Vercel Blob: Cannot use public access on a private store. The store is configured with private access.
- 2023 Toyota RAV4 (0)
[photos] skip 2016 GAC-Toyota Highlander (facelift, front).jpg Vercel Blob: Cannot use public access on a private store. The store is configured with private access.
[photos] skip 2016 Toyota Highlander XLE AWD in Ooh La La Rouge Mica, Front Left, 06-29-2023.jpg Vercel Blob: Cannot use public access on a private store. The store is configured with private access.
[photos] skip 2016 Toyota Highlander XLE AWD in Ooh La La Rouge Mica, Rear Right, 06-29-2023.jpg Vercel Blob: Cannot use public access on a private store. The store is configured with private access.
[photos] skip 2016 Toyota Highlander LE, Front Left, 10-13-2020.jpg Vercel Blob: Cannot use public access on a private store. The store is configured with private access.
[photos] skip 2016 Toyota Highlander LE, Front Left.jpg Vercel Blob: Cannot use public access on a private store. The store is configured with private access.
[photos] skip Toyota Highlander Hybrid (XU70) 1X7A0197.jpg Vercel Blob: Cannot use public access on a private store. The store is configured with private access.
[photos] skip TOYOTA HIGHLANDER (XU40) China.jpg Vercel Blob: Cannot use public access on a private store. The store is configured with private access.
[photos] skip TOYOTA HIGHLANDER (XU40) China (3).jpg Vercel Blob: Cannot use public access on a private store. The store is configured with private access.
[photos] skip TOYOTA HIGHLANDER (XU40) China (2).jpg Vercel Blob: Cannot use public access on a private store. The store is configured with private access.
[photos] skip TOYOTA HIGHLANDER (XU40) China (4).jpg Vercel Blob: Cannot use public access on a private store. The store is configured with private access.
- 2016 Toyota Highlander (0)
[photos] skip 2019 Toyota Highlander SE in Blizzard Pearl, front left, 07-02-2026.jpg Vercel Blob: Cannot use public access on a private store. The store is configured with private access.
[photos] skip 2020 Toyota Highlander Platinum AWD front NYIAS 2019.jpg Vercel Blob: Cannot use public access on a private store. The store is configured with private access.
[photos] skip 2020 Toyota Highlander Platinum AWD rear NYIAS 2019.jpg Vercel Blob: Cannot use public access on a private store. The store is configured with private access.
[photos] skip 2019 Toyota Highlander LE, Rear Right, 09-15-2020.jpg Vercel Blob: Cannot use public access on a private store. The store is configured with private access.
[photos] skip 2017-2019 Toyota Highlander New Jersey Taxi.jpg Vercel Blob: Cannot use public access on a private store. The store is configured with private access.
[photos] skip Toyota Highlander Hybrid (XU70) 1X7A0197.jpg Vercel Blob: Cannot use public access on a private store. The store is configured with private access.
[photos] skip TOYOTA HIGHLANDER (XU40) China.jpg Vercel Blob: Cannot use public access on a private store. The store is configured with private access.
[photos] skip TOYOTA HIGHLANDER (XU40) China (3).jpg Vercel Blob: Cannot use public access on a private store. The store is configured with private access.
[photos] skip TOYOTA HIGHLANDER (XU40) China (2).jpg Vercel Blob: Cannot use public access on a private store. The store is configured with private access.
[photos] skip TOYOTA HIGHLANDER (XU40) China (4).jpg Vercel Blob: Cannot use public access on a private store. The store is configured with private access.
- 2019 Toyota Highlander (0)
[photos] skip Mariposa (CA, USA), Fremont's Fort Historical Marker, Toyota Highlander -- 2022 -- 141813.jpg Vercel Blob: Cannot use public access on a private store. The store is configured with private access.
[photos] skip Toyota Highlander XU70 Hybrid Shishi 02 2022-03-12.jpg Vercel Blob: Cannot use public access on a private store. The store is configured with private access.
[photos] skip Toyota Highlander XU70 Hybrid Shishi 01 2022-03-12.jpg Vercel Blob: Cannot use public access on a private store. The store is configured with private access.
[photos] skip Toyota Highlander XU50 facelift Shishi 02 2022-05-18.jpg Vercel Blob: Cannot use public access on a private store. The store is configured with private access.
[photos] skip Toyota Highlander XU50 facelift Shishi 01 2022-05-18.jpg Vercel Blob: Cannot use public access on a private store. The store is configured with private access.
[photos] skip Toyota Highlander Hybrid (XU70) 1X7A0197.jpg Vercel Blob: Cannot use public access on a private store. The store is configured with private access.
[photos] skip TOYOTA HIGHLANDER (XU40) China.jpg Vercel Blob: Cannot use public access on a private store. The store is configured with private access.
[photos] skip TOYOTA HIGHLANDER (XU40) China (3).jpg Vercel Blob: Cannot use public access on a private store. The store is configured with private access.
[photos] skip TOYOTA HIGHLANDER (XU40) China (2).jpg Vercel Blob: Cannot use public access on a private store. The store is configured with private access.
[photos] skip TOYOTA HIGHLANDER (XU40) China (4).jpg Vercel Blob: Cannot use public access on a private store. The store is configured with private access.
- 2022 Toyota Highlander (0)
[photos] skip 2025 Toyota Highlander Limited white rear.jpg Vercel Blob: Cannot use public access on a private store. The store is configured with private access.
[photos] skip Moscow, Toyota Highlander (XU40) white Sept 2025 01.jpg Vercel Blob: Cannot use public access on a private store. The store is configured with private access.
[photos] skip Toyota Highlander 2025 interior.jpg Vercel Blob: Cannot use public access on a private store. The store is configured with private access.
[photos] skip Toyota Highlander Hybrid (XU70) 1X7A0197.jpg Vercel Blob: Cannot use public access on a private store. The store is configured with private access.
[photos] skip TOYOTA HIGHLANDER (XU40) China.jpg Vercel Blob: Cannot use public access on a private store. The store is configured with private access.
[photos] skip TOYOTA HIGHLANDER (XU40) China (3).jpg Vercel Blob: Cannot use public access on a private store. The store is configured with private access.
[photos] skip TOYOTA HIGHLANDER (XU40) China (2).jpg Vercel Blob: Cannot use public access on a private store. The store is configured with private access.
[photos] skip TOYOTA HIGHLANDER (XU40) China (4).jpg Vercel Blob: Cannot use public access on a private store. The store is configured with private access.
- 2025 Toyota Highlander (0)
[photos] skip 2015 Toyota Land Cruiser Prado (KDJ150R MY14) GX 5-door wagon (2015-06-27) 01.jpg Vercel Blob: Cannot use public access on a private store. The store is configured with private access.
[photos] skip 2015 Toyota Land Cruiser Prado (KDJ150R MY14) GX 5-door wagon (2015-06-27) 02.jpg Vercel Blob: Cannot use public access on a private store. The store is configured with private access.
[photos] skip 2013 Toyota Land Cruiser Prado (KDJ150R MY13) Altitude 5-door wagon (2015-07-09) 02.jpg Vercel Blob: Cannot use public access on a private store. The store is configured with private access.
[photos] skip 2004 Toyota Land Cruiser Prado (KZJ120R) GX 5-door wagon (2015-11-11) 01.jpg Vercel Blob: Cannot use public access on a private store. The store is configured with private access.
[photos] skip 2009 Toyota Land Cruiser Prado (KDJ155R) SX 3-door wagon (2015-11-11) 01.jpg Vercel Blob: Cannot use public access on a private store. The store is configured with private access.
[photos] skip TOYOTA LAND CRUISER PRADO (J150) China (3).jpg Vercel Blob: Cannot use public access on a private store. The store is configured with private access.
[photos] skip TOYOTA LAND CRUISER PRADO (J150) China (4).jpg Vercel Blob: Cannot use public access on a private store. The store is configured with private access.
[photos] skip TOYOTA LAND CRUISER PRADO (J150) China (5).jpg Vercel Blob: Cannot use public access on a private store. The store is configured with private access.
[photos] skip TOYOTA LAND CRUISER PRADO (J150) China (6).jpg Vercel Blob: Cannot use public access on a private store. The store is configured with private access.
[photos] skip TOYOTA LAND CRUISER PRADO (J150) China (7).jpg Vercel Blob: Cannot use public access on a private store. The store is configured with private access.
- 2015 Toyota Land Cruiser Prado (0)
[photos] skip Gusmão's Toyota Land Cruiser Prado, Dili, 2018 (01).jpg Vercel Blob: Cannot use public access on a private store. The store is configured with private access.
[photos] skip 2018 Toyota Land Cruiser Prado (GDJ150R) VX 4WD wagon (2018-07-19) 02.jpg Vercel Blob: Cannot use public access on a private store. The store is configured with private access.
[photos] skip 2018 Toyota Land Cruiser Prado (GDJ150R) GXL wagon (2018-05-05) 01.jpg Vercel Blob: Cannot use public access on a private store. The store is configured with private access.
[photos] skip 2018 Toyota Land Cruiser Prado (GDJ150R) GXL wagon (2018-08-06) 01.jpg Vercel Blob: Cannot use public access on a private store. The store is configured with private access.
[photos] skip 2018 Toyota Land Cruiser Prado (GDJ150R) GXL wagon (2018-08-06) 02.jpg Vercel Blob: Cannot use public access on a private store. The store is configured with private access.
[photos] skip TOYOTA LAND CRUISER PRADO (J150) China (3).jpg Vercel Blob: Cannot use public access on a private store. The store is configured with private access.
[photos] skip TOYOTA LAND CRUISER PRADO (J150) China (4).jpg Vercel Blob: Cannot use public access on a private store. The store is configured with private access.
[photos] skip TOYOTA LAND CRUISER PRADO (J150) China (5).jpg Vercel Blob: Cannot use public access on a private store. The store is configured with private access.
[photos] skip TOYOTA LAND CRUISER PRADO (J150) China (6).jpg Vercel Blob: Cannot use public access on a private store. The store is configured with private access.
[photos] skip TOYOTA LAND CRUISER PRADO (J150) China (7).jpg Vercel Blob: Cannot use public access on a private store. The store is configured with private access.
- 2018 Toyota Land Cruiser Prado (0)
[photos] skip Toyota Land Cruiser Prado RX, Rear Right, 08-22-2021.jpg Vercel Blob: Cannot use public access on a private store. The store is configured with private access.
[photos] skip TOYOTA LAND CRUISER PRADO (J150) China (3).jpg Vercel Blob: Cannot use public access on a private store. The store is configured with private access.
[photos] skip TOYOTA LAND CRUISER PRADO (J150) China (4).jpg Vercel Blob: Cannot use public access on a private store. The store is configured with private access.
[photos] skip TOYOTA LAND CRUISER PRADO (J150) China (5).jpg Vercel Blob: Cannot use public access on a private store. The store is configured with private access.
[photos] skip TOYOTA LAND CRUISER PRADO (J150) China (6).jpg Vercel Blob: Cannot use public access on a private store. The store is configured with private access.
[photos] skip TOYOTA LAND CRUISER PRADO (J150) China (7).jpg Vercel Blob: Cannot use public access on a private store. The store is configured with private access.
- 2021 Toyota Land Cruiser Prado (0)
[photos] skip 2018 Toyota Hilux Invincible X D-4d 4WD 2.4 Front.jpg Vercel Blob: Cannot use public access on a private store. The store is configured with private access.
[photos] skip 2018 Toyota Hilux Invincible X D-4d 4WD 2.4 Rear.jpg Vercel Blob: Cannot use public access on a private store. The store is configured with private access.
[photos] skip 2018 Toyota Hilux Invincible X D-4d 4WD 2.4 facelift Rear.jpg Vercel Blob: Cannot use public access on a private store. The store is configured with private access.
[photos] skip US gives Toyota Hilux to the Central African Republic Armed Forces 2018.jpg Vercel Blob: Cannot use public access on a private store. The store is configured with private access.
[photos] skip Toyota Hilux D4-D, parque nacional Kruger, Sudáfrica, 2018-07-24, DD 09.jpg Vercel Blob: Cannot use public access on a private store. The store is configured with private access.
[photos] skip 2020 Toyota Hilux E (front left side view).jpg Vercel Blob: Cannot use public access on a private store. The store is configured with private access.
[photos] skip 2026 Toyota Hilux BEV.jpg Vercel Blob: Cannot use public access on a private store. The store is configured with private access.
[photos] skip 2026 Toyota Hilux Z.jpg Vercel Blob: Cannot use public access on a private store. The store is configured with private access.
[photos] skip Toyota HiLux GR Sport 1X7A7281.jpg Vercel Blob: Cannot use public access on a private store. The store is configured with private access.
[photos] skip 2006 Toyota Hilux 2.5 J 4x2, 06-16-2024.jpg Vercel Blob: Cannot use public access on a private store. The store is configured with private access.
- 2018 Toyota Hilux (0)
[photos] skip 2021 Toyota HiLux IMG 3883.jpg Vercel Blob: Cannot use public access on a private store. The store is configured with private access.
[photos] skip Toyota Hilux 4x2 V Conquest 2021.jpg Vercel Blob: Cannot use public access on a private store. The store is configured with private access.
[photos] skip Toyota Hilux 4x2 E 2021.jpg Vercel Blob: Cannot use public access on a private store. The store is configured with private access.
[photos] skip Toyota Hilux FX 2018 and Toyota Land Cruiser 300 4x4 VXR 2021.jpg Vercel Blob: Cannot use public access on a private store. The store is configured with private access.
[photos] skip Toyota Hilux DX 2021. RallyMobil Curicó 2026.jpg Vercel Blob: Cannot use public access on a private store. The store is configured with private access.
[photos] skip 2020 Toyota Hilux E (front left side view).jpg Vercel Blob: Cannot use public access on a private store. The store is configured with private access.
[photos] skip 2026 Toyota Hilux BEV.jpg Vercel Blob: Cannot use public access on a private store. The store is configured with private access.
[photos] skip 2026 Toyota Hilux Z.jpg Vercel Blob: Cannot use public access on a private store. The store is configured with private access.
[photos] skip Toyota HiLux GR Sport 1X7A7281.jpg Vercel Blob: Cannot use public access on a private store. The store is configured with private access.
[photos] skip 2006 Toyota Hilux 2.5 J 4x2, 06-16-2024.jpg Vercel Blob: Cannot use public access on a private store. The store is configured with private access.
- 2021 Toyota Hilux (0)
[photos] skip Toyota Hilux 4x4 V Conquest 2024 (12).jpg Vercel Blob: Cannot use public access on a private store. The store is configured with private access.
[photos] skip Toyota Hilux FX 2024 (4).jpg Vercel Blob: Cannot use public access on a private store. The store is configured with private access.
[photos] skip Toyota Hilux 4x4 GR Sport 2024 (7).jpg Vercel Blob: Cannot use public access on a private store. The store is configured with private access.
[photos] skip Toyota Hilux 4x4 GR Sport 2024.jpg Vercel Blob: Cannot use public access on a private store. The store is configured with private access.
[photos] skip Toyota Hilux 4x2 G 2024.jpg Vercel Blob: Cannot use public access on a private store. The store is configured with private access.
[photos] skip 2020 Toyota Hilux E (front left side view).jpg Vercel Blob: Cannot use public access on a private store. The store is configured with private access.
[photos] skip 2026 Toyota Hilux BEV.jpg Vercel Blob: Cannot use public access on a private store. The store is configured with private access.
[photos] skip 2026 Toyota Hilux Z.jpg Vercel Blob: Cannot use public access on a private store. The store is configured with private access.
[photos] skip Toyota HiLux GR Sport 1X7A7281.jpg Vercel Blob: Cannot use public access on a private store. The store is configured with private access.
[photos] skip 2006 Toyota Hilux 2.5 J 4x2, 06-16-2024.jpg Vercel Blob: Cannot use public access on a private store. The store is configured with private access.
- 2024 Toyota Hilux (0)
[photos] skip 2015 Toyota Sienna XLE, front 8.11.19.jpg Vercel Blob: Cannot use public access on a private store. The store is configured with private access.
[photos] skip 2015 Toyota Sienna XLE, rear 8.11.19.jpg Vercel Blob: Cannot use public access on a private store. The store is configured with private access.
[photos] skip 2015 Toyota Sienna XLE, rear 4.3.23.jpg Vercel Blob: Cannot use public access on a private store. The store is configured with private access.
[photos] skip Toyota Sienna 3.5 Limited V6 2015.jpg Vercel Blob: Cannot use public access on a private store. The store is configured with private access.
[photos] skip 2015 Toyota Sienna 3.5 V6 (52742991779).jpg Vercel Blob: Cannot use public access on a private store. The store is configured with private access.
[photos] skip Toyota Sienna – Alt Front.png Vercel Blob: Cannot use public access on a private store. The store is configured with private access.
[photos] skip Toyota Sienna – Front.png Vercel Blob: Cannot use public access on a private store. The store is configured with private access.
[photos] skip TOYOTA SIENNA (XL40) China.jpg Vercel Blob: Cannot use public access on a private store. The store is configured with private access.
[photos] skip TOYOTA SIENNA (XL40) China (3).jpg Vercel Blob: Cannot use public access on a private store. The store is configured with private access.
[photos] skip TOYOTA SIENNA (XL30) China (2).jpg Vercel Blob: Cannot use public access on a private store. The store is configured with private access.
- 2015 Toyota Sienna (0)
[photos] skip 2018 Toyota Sienna XLE rear 6.20.18.jpg Vercel Blob: Cannot use public access on a private store. The store is configured with private access.
[photos] skip 2018 Toyota Sienna XLE front 6.20.18.jpg Vercel Blob: Cannot use public access on a private store. The store is configured with private access.
[photos] skip 2018 Toyota Sienna LE front 6.24.18.jpg Vercel Blob: Cannot use public access on a private store. The store is configured with private access.
[photos] skip 2018 Toyota Sienna front 2.9.18.jpg Vercel Blob: Cannot use public access on a private store. The store is configured with private access.
[photos] skip 2018 Toyota Sienna (SIAM 2018).jpg Vercel Blob: Cannot use public access on a private store. The store is configured with private access.
[photos] skip Toyota Sienna – Alt Front.png Vercel Blob: Cannot use public access on a private store. The store is configured with private access.
[photos] skip Toyota Sienna – Front.png Vercel Blob: Cannot use public access on a private store. The store is configured with private access.
[photos] skip TOYOTA SIENNA (XL40) China.jpg Vercel Blob: Cannot use public access on a private store. The store is configured with private access.
[photos] skip TOYOTA SIENNA (XL40) China (2).jpg Vercel Blob: Cannot use public access on a private store. The store is configured with private access.
[photos] skip TOYOTA SIENNA (XL30) China (2).jpg Vercel Blob: Cannot use public access on a private store. The store is configured with private access.
- 2018 Toyota Sienna (0)
[photos] skip 2021 Toyota Sienna LE, rear 7.2.22.jpg Vercel Blob: Cannot use public access on a private store. The store is configured with private access.
[photos] skip 2021 Toyota Sienna LE, front 7.2.22.jpg Vercel Blob: Cannot use public access on a private store. The store is configured with private access.
[photos] skip 2021 Toyota Sienna Hybrid Limited, rear 1.14.21.jpg Vercel Blob: Cannot use public access on a private store. The store is configured with private access.
[photos] skip 2021 Toyota Sienna Hybrid Limited, front 1.14.21.jpg Vercel Blob: Cannot use public access on a private store. The store is configured with private access.
[photos] skip 2021 Toyota Sienna XSE Hybrid, front 3.1.22.jpg Vercel Blob: Cannot use public access on a private store. The store is configured with private access.
[photos] skip Toyota Sienna – Alt Front.png Vercel Blob: Cannot use public access on a private store. The store is configured with private access.
[photos] skip Toyota Sienna – Front.png Vercel Blob: Cannot use public access on a private store. The store is configured with private access.
[photos] skip TOYOTA SIENNA (XL40) China.jpg Vercel Blob: Cannot use public access on a private store. The store is configured with private access.
[photos] skip TOYOTA SIENNA (XL40) China (2).jpg Vercel Blob: Cannot use public access on a private store. The store is configured with private access.
[photos] skip TOYOTA SIENNA (XL40) China (3).jpg Vercel Blob: Cannot use public access on a private store. The store is configured with private access.
- 2021 Toyota Sienna (0)
[photos] skip Moscow, Toyota Sienna (XL30) SE, Aug 2025 04.jpg Vercel Blob: Cannot use public access on a private store. The store is configured with private access.
[photos] skip Moscow, Toyota Sienna (XL30) SE, Aug 2025 01.jpg Vercel Blob: Cannot use public access on a private store. The store is configured with private access.
[photos] skip Toyota Sienna Las Vegas 2025.jpg Vercel Blob: Cannot use public access on a private store. The store is configured with private access.
[photos] skip Toyota Sienna – Alt Front.png Vercel Blob: Cannot use public access on a private store. The store is configured with private access.
[photos] skip Toyota Sienna – Front.png Vercel Blob: Cannot use public access on a private store. The store is configured with private access.
[photos] skip TOYOTA SIENNA (XL40) China.jpg Vercel Blob: Cannot use public access on a private store. The store is configured with private access.
[photos] skip TOYOTA SIENNA (XL40) China (2).jpg Vercel Blob: Cannot use public access on a private store. The store is configured with private access.
[photos] skip TOYOTA SIENNA (XL40) China (3).jpg Vercel Blob: Cannot use public access on a private store. The store is configured with private access.
- 2025 Toyota Sienna (0)
[photos] skip 2016 Toyota Avalon.jpg Vercel Blob: Cannot use public access on a private store. The store is configured with private access.
[photos] skip TOYOTA AVALON China.jpg Vercel Blob: Cannot use public access on a private store. The store is configured with private access.
[photos] skip TOYOTA AVALON China (2).jpg Vercel Blob: Cannot use public access on a private store. The store is configured with private access.
[photos] skip TOYOTA AVALON China (23).jpg Vercel Blob: Cannot use public access on a private store. The store is configured with private access.
[photos] skip TOYOTA AVALON China (26).jpg Vercel Blob: Cannot use public access on a private store. The store is configured with private access.
[photos] skip TOYOTA AVALON China (29).jpg Vercel Blob: Cannot use public access on a private store. The store is configured with private access.
- 2016 Toyota Avalon (0)
[photos] skip 2019 FAW-Toyota Avalon (front).jpg Vercel Blob: Cannot use public access on a private store. The store is configured with private access.
[photos] skip 2019 Toyota Avalon Touring rear NYIAS 2019.jpg Vercel Blob: Cannot use public access on a private store. The store is configured with private access.
[photos] skip 2019 Toyota Avalon Hybrid Limited, rear right, 05-23-2024.jpg Vercel Blob: Cannot use public access on a private store. The store is configured with private access.
[photos] skip 2019 Toyota Avalon Hybrid Limited, rear right.jpg Vercel Blob: Cannot use public access on a private store. The store is configured with private access.
[photos] skip 2019 FAW-Toyota Avalon (rear).jpg Vercel Blob: Cannot use public access on a private store. The store is configured with private access.
[photos] skip TOYOTA AVALON China.jpg Vercel Blob: Cannot use public access on a private store. The store is configured with private access.
[photos] skip TOYOTA AVALON China (2).jpg Vercel Blob: Cannot use public access on a private store. The store is configured with private access.
[photos] skip TOYOTA AVALON China (23).jpg Vercel Blob: Cannot use public access on a private store. The store is configured with private access.
[photos] skip TOYOTA AVALON China (26).jpg Vercel Blob: Cannot use public access on a private store. The store is configured with private access.
[photos] skip TOYOTA AVALON China (32).jpg Vercel Blob: Cannot use public access on a private store. The store is configured with private access.
- 2019 Toyota Avalon (0)
[photos] skip 2016 Honda Accord EX-L, rear right, 09-16-2022.jpg Vercel Blob: Cannot use public access on a private store. The store is configured with private access.
[photos] skip 2016 Honda Accord EX sedan, front right, 08-26-2024.jpg Vercel Blob: Cannot use public access on a private store. The store is configured with private access.
[photos] skip 2016 Honda Accord EX sedan, front right.jpg Vercel Blob: Cannot use public access on a private store. The store is configured with private access.
[photos] skip 2016 Honda Accord EX-L, front right, 09-16-2022.jpg Vercel Blob: Cannot use public access on a private store. The store is configured with private access.
[photos] skip Honda Accord Hybrid form Guangzhou Auto Show in 2016.jpg Vercel Blob: Cannot use public access on a private store. The store is configured with private access.
[photos] skip 2007 Honda Accord Euro R with Mugen tuning front.jpg Vercel Blob: Cannot use public access on a private store. The store is configured with private access.
[photos] skip Honda Accord 2006 Rear.jpg Vercel Blob: Cannot use public access on a private store. The store is configured with private access.
[photos] skip Honda Accord 2006 Front.jpg Vercel Blob: Cannot use public access on a private store. The store is configured with private access.
[photos] skip HONDA ACCORD (CP1-CP3) China.jpg Vercel Blob: Cannot use public access on a private store. The store is configured with private access.
[photos] skip HONDA ACCORD (CP1-CP3) China (2).jpg Vercel Blob: Cannot use public access on a private store. The store is configured with private access.
- 2016 Honda Accord (0)
[photos] skip 2018 Honda Accord front 4.1.18.jpg Vercel Blob: Cannot use public access on a private store. The store is configured with private access.
[photos] skip 2018 Honda Accord front 3.29.18.jpg Vercel Blob: Cannot use public access on a private store. The store is configured with private access.
[photos] skip 2018 Honda Accord rear 1.27.18.jpg terminated
[photos] skip 2018 Honda Accord rear 2.13.18.jpg Vercel Blob: Cannot use public access on a private store. The store is configured with private access.
[photos] skip 2018 Honda Accord Sport, White, rear right.jpg Vercel Blob: Cannot use public access on a private store. The store is configured with private access.
[photos] skip 2007 Honda Accord Euro R with Mugen tuning front.jpg Vercel Blob: Cannot use public access on a private store. The store is configured with private access.
[photos] skip Honda Accord 2006 Rear.jpg Vercel Blob: Cannot use public access on a private store. The store is configured with private access.
[photos] skip Honda Accord 2006 Front.jpg Vercel Blob: Cannot use public access on a private store. The store is configured with private access.
[photos] skip HONDA ACCORD (CP1-CP3) China.jpg Vercel Blob: Cannot use public access on a private store. The store is configured with private access.
[photos] skip HONDA ACCORD (CP1-CP3) China (2).jpg Vercel Blob: Cannot use public access on a private store. The store is configured with private access.
- 2018 Honda Accord (0)
[photos] skip 2020 Honda Accord 1.5 TC-P 02.jpg Vercel Blob: Cannot use public access on a private store. The store is configured with private access.
[photos] skip 2020 Honda Accord 1.5 TC-P 01.jpg Vercel Blob: Cannot use public access on a private store. The store is configured with private access.
[photos] skip 2020 Honda Accord 1.5 TC-P 06.jpg Vercel Blob: Cannot use public access on a private store. The store is configured with private access.
[photos] skip 2020 Honda Accord 1.5 TC-P 07.jpg Vercel Blob: Cannot use public access on a private store. The store is configured with private access.
[photos] skip 2020 Honda Accord 1.5 TC-P 23.jpg Vercel Blob: Cannot use public access on a private store. The store is configured with private access.
[photos] skip 2007 Honda Accord Euro R with Mugen tuning front.jpg Vercel Blob: Cannot use public access on a private store. The store is configured with private access.
[photos] skip Honda Accord 2006 Rear.jpg Vercel Blob: Cannot use public access on a private store. The store is configured with private access.
[photos] skip Honda Accord 2006 Front.jpg Vercel Blob: Cannot use public access on a private store. The store is configured with private access.
[photos] skip HONDA ACCORD (CP1-CP3) China.jpg Vercel Blob: Cannot use public access on a private store. The store is configured with private access.
[photos] skip HONDA ACCORD (CP1-CP3) China (2).jpg Vercel Blob: Cannot use public access on a private store. The store is configured with private access.
- 2020 Honda Accord (0)
[photos] skip 2007 Honda Accord Euro R with Mugen tuning front.jpg Vercel Blob: Cannot use public access on a private store. The store is configured with private access.
[photos] skip Honda Accord 2006 Rear.jpg Vercel Blob: Cannot use public access on a private store. The store is configured with private access.
[photos] skip Honda Accord 2006 Front.jpg Vercel Blob: Cannot use public access on a private store. The store is configured with private access.
[photos] skip HONDA ACCORD (CP1-CP3) China.jpg Vercel Blob: Cannot use public access on a private store. The store is configured with private access.
[photos] skip HONDA ACCORD (CP1-CP3) China (2).jpg Vercel Blob: Cannot use public access on a private store. The store is configured with private access.
- 2022 Honda Accord (0)
[photos] skip 2016 Honda Civic Rear View.JPG Vercel Blob: Cannot use public access on a private store. The store is configured with private access.
[photos] skip The frontview of Honda CIVIC TYPE R PROTOTYPE (2016).jpg Vercel Blob: Cannot use public access on a private store. The store is configured with private access.
[photos] skip Honda Civic Tourer registered April 2016 1798cc.jpg Vercel Blob: Cannot use public access on a private store. The store is configured with private access.
[photos] skip 2016 Honda Civic 1.5 ES FC1 (20160409).jpg Vercel Blob: Cannot use public access on a private store. The store is configured with private access.
[photos] skip 2016 Honda Civic Coupé in Montréal.jpg Vercel Blob: Cannot use public access on a private store. The store is configured with private access.
[photos] skip 2022 Honda Civic LX Sedan, front right, 11-02-2022.jpg Vercel Blob: Cannot use public access on a private store. The store is configured with private access.
[photos] skip Honda Civic Hybrid (2022, Europe) IAA 2023 1X7A0545 (2).jpg Vercel Blob: Cannot use public access on a private store. The store is configured with private access.
[photos] skip Honda Civic, Megacharizard.jpg Vercel Blob: Cannot use public access on a private store. The store is configured with private access.
[photos] skip Honda Civic (1Y7A1724).jpg Vercel Blob: Cannot use public access on a private store. The store is configured with private access.
[photos] skip Honda Civic Time Attack 4.jpg Vercel Blob: Cannot use public access on a private store. The store is configured with private access.
- 2016 Honda Civic (0)
[photos] skip 2019 Honda Civic coupe (facelift), front 12.16.19.jpg Vercel Blob: Cannot use public access on a private store. The store is configured with private access.
[photos] skip 2019 Honda Civic EX hatchback, rear right, 08-27-2023.jpg Vercel Blob: Cannot use public access on a private store. The store is configured with private access.
[photos] skip 2019 Honda Civic EX hatchback, rear right.jpg Vercel Blob: Cannot use public access on a private store. The store is configured with private access.
[photos] skip 2019 Honda Civic LX sedan, front left, 05-07-2024.jpg Vercel Blob: Cannot use public access on a private store. The store is configured with private access.
[photos] skip 2019 Honda Civic LX sedan, front left.jpg Vercel Blob: Cannot use public access on a private store. The store is configured with private access.
[photos] skip 2022 Honda Civic LX Sedan, front right, 11-02-2022.jpg Vercel Blob: Cannot use public access on a private store. The store is configured with private access.
[photos] skip Honda Civic Hybrid (2022, Europe) IAA 2023 1X7A0545 (2).jpg Vercel Blob: Cannot use public access on a private store. The store is configured with private access.
[photos] skip Honda Civic, Megacharizard.jpg Vercel Blob: Cannot use public access on a private store. The store is configured with private access.
[photos] skip Honda Civic (1Y7A1724).jpg Vercel Blob: Cannot use public access on a private store. The store is configured with private access.
[photos] skip Honda Civic Time Attack 4.jpg Vercel Blob: Cannot use public access on a private store. The store is configured with private access.
- 2019 Honda Civic (0)
[photos] skip Honda Civic Hybrid (2022, Europe) 1X7A6073.jpg Vercel Blob: Cannot use public access on a private store. The store is configured with private access.
[photos] skip Honda Civic Hybrid (2022, Europe) 1X7A6151.jpg Vercel Blob: Cannot use public access on a private store. The store is configured with private access.
[photos] skip Honda Civic Hybrid (2022, Europe) 1X7A6151 (cropped).jpg Vercel Blob: Cannot use public access on a private store. The store is configured with private access.
[photos] skip Honda Civic Hybrid (2022, Europe) IAA 2023 1X7A0545.jpg Vercel Blob: Cannot use public access on a private store. The store is configured with private access.
[photos] skip Honda Civic Hybrid (2022, Europe) IAA 2023 1X7A0545 (2).jpg Vercel Blob: Cannot use public access on a private store. The store is configured with private access.
[photos] skip 2022 Honda Civic LX Sedan, front right, 11-02-2022.jpg Vercel Blob: Cannot use public access on a private store. The store is configured with private access.
[photos] skip Honda Civic Hybrid (2022, Europe) IAA 2023 1X7A0545 (2).jpg Vercel Blob: Cannot use public access on a private store. The store is configured with private access.
[photos] skip Honda Civic, Megacharizard.jpg Vercel Blob: Cannot use public access on a private store. The store is configured with private access.
[photos] skip Honda Civic (1Y7A1724).jpg Vercel Blob: Cannot use public access on a private store. The store is configured with private access.
[photos] skip Honda Civic Time Attack 4.jpg Vercel Blob: Cannot use public access on a private store. The store is configured with private access.
- 2022 Honda Civic (0)
[photos] skip 2025 Honda Civic Hybrid (Europe) DSC 2735.jpg Vercel Blob: Cannot use public access on a private store. The store is configured with private access.
[photos] skip Honda Civic Type R 2025.jpg Vercel Blob: Cannot use public access on a private store. The store is configured with private access.
[photos] skip 2025 Honda Civic Hybrid (Europe) DSC 2731.jpg Vercel Blob: Cannot use public access on a private store. The store is configured with private access.
[photos] skip 2025 Honda Civic Hybrid (Europe) DSC 2729.jpg Vercel Blob: Cannot use public access on a private store. The store is configured with private access.
[photos] skip 2025 Honda Civic Hybrid (Europe) DSC 2733.jpg Vercel Blob: Cannot use public access on a private store. The store is configured with private access.
[photos] skip 2022 Honda Civic LX Sedan, front right, 11-02-2022.jpg Vercel Blob: Cannot use public access on a private store. The store is configured with private access.
[photos] skip Honda Civic Hybrid (2022, Europe) IAA 2023 1X7A0545 (2).jpg Vercel Blob: Cannot use public access on a private store. The store is configured with private access.
[photos] skip Honda Civic, Megacharizard.jpg Vercel Blob: Cannot use public access on a private store. The store is configured with private access.
[photos] skip Honda Civic (1Y7A1724).jpg Vercel Blob: Cannot use public access on a private store. The store is configured with private access.
[photos] skip Honda Civic Time Attack 4.jpg Vercel Blob: Cannot use public access on a private store. The store is configured with private access.
- 2025 Honda Civic (0)
[photos] skip 2017 Honda CR-V rear 3.23.18.jpg Vercel Blob: Cannot use public access on a private store. The store is configured with private access.
[photos] skip 2017 Honda CR-V rear 4.11.18.jpg Vercel Blob: Cannot use public access on a private store. The store is configured with private access.
[photos] skip 2017 Honda CR-V 1.5 Turbo Prestige (rear), Batu City.jpg Vercel Blob: Cannot use public access on a private store. The store is configured with private access.
[photos] skip 2017 Honda CR-V 1.5 Turbo Prestige (front), Batu City.jpg Vercel Blob: Cannot use public access on a private store. The store is configured with private access.
[photos] skip 2017 Honda CR-V front 4.11.18.jpg Vercel Blob: Cannot use public access on a private store. The store is configured with private access.
[photos] skip 2023 Honda CR-V EX-L 4WD in Radiant Red Metallic, rear right.jpg Vercel Blob: Cannot use public access on a private store. The store is configured with private access.
[photos] skip Honda CR-V – Rear (CRV).png Vercel Blob: Cannot use public access on a private store. The store is configured with private access.
[photos] skip Coche Honda CR-V, Mazatlán, 29 de marzo de 2022.jpg Vercel Blob: Cannot use public access on a private store. The store is configured with private access.
[photos] skip Honda CR-V, GIMS 2019, Le Grand-Saconnex (GIMS0705).jpg Vercel Blob: Cannot use public access on a private store. The store is configured with private access.
[photos] skip HONDA CR-V HYBRID FIFTH GENERATION China.jpg Vercel Blob: Cannot use public access on a private store. The store is configured with private access.
- 2017 Honda CR-V (0)
[photos] skip 2020 Honda CR-V LX in Modern Steel Metallic, rear left, 2026-07-03.jpg Vercel Blob: Cannot use public access on a private store. The store is configured with private access.
[photos] skip 2020 Honda CR-V LX in Modern Steel Metallic, front left, 2026-07-03.jpg Vercel Blob: Cannot use public access on a private store. The store is configured with private access.
[photos] skip 2020 Honda CR-V EX-L AWD (facelift), rear 3.2.20.jpg Vercel Blob: Cannot use public access on a private store. The store is configured with private access.
[photos] skip 2020 Honda CR-V 2.4 ES 4WD (Rear).jpg Vercel Blob: Cannot use public access on a private store. The store is configured with private access.
[photos] skip 2020 Honda CR-V EX-L AWD (facelift), front 3.2.20.jpg Vercel Blob: Cannot use public access on a private store. The store is configured with private access.
[photos] skip 2023 Honda CR-V EX-L 4WD in Radiant Red Metallic, rear right.jpg Vercel Blob: Cannot use public access on a private store. The store is configured with private access.
[photos] skip Honda CR-V – Rear (CRV).png Vercel Blob: Cannot use public access on a private store. The store is configured with private access.
[photos] skip Coche Honda CR-V, Mazatlán, 29 de marzo de 2022.jpg Vercel Blob: Cannot use public access on a private store. The store is configured with private access.
[photos] skip Honda CR-V, GIMS 2019, Le Grand-Saconnex (GIMS0705).jpg Vercel Blob: Cannot use public access on a private store. The store is configured with private access.
[photos] skip HONDA CR-V HYBRID FIFTH GENERATION China.jpg Vercel Blob: Cannot use public access on a private store. The store is configured with private access.
- 2020 Honda CR-V (0)
[photos] skip 2023 Honda CR-V EX-L 4WD in Radiant Red Metallic, rear right.jpg Vercel Blob: Cannot use public access on a private store. The store is configured with private access.
[photos] skip 2023 Honda CR-V EX-L AWD, front right, 11-13-2022.jpg Vercel Blob: Cannot use public access on a private store. The store is configured with private access.
[photos] skip 2023 Honda CR-V EX-L AWD, rear right, 11-13-2022.jpg Vercel Blob: Cannot use public access on a private store. The store is configured with private access.
[photos] skip 2023 Honda CR-V front end.jpg Vercel Blob: Cannot use public access on a private store. The store is configured with private access.
[photos] skip 2023 Honda CR-V rear end.jpg Vercel Blob: Cannot use public access on a private store. The store is configured with private access.
[photos] skip 2023 Honda CR-V EX-L 4WD in Radiant Red Metallic, rear right.jpg Vercel Blob: Cannot use public access on a private store. The store is configured with private access.
[photos] skip Honda CR-V – Rear (CRV).png Vercel Blob: Cannot use public access on a private store. The store is configured with private access.
[photos] skip Coche Honda CR-V, Mazatlán, 29 de marzo de 2022.jpg Vercel Blob: Cannot use public access on a private store. The store is configured with private access.
[photos] skip Honda CR-V, GIMS 2019, Le Grand-Saconnex (GIMS0705).jpg Vercel Blob: Cannot use public access on a private store. The store is configured with private access.
[photos] skip HONDA CR-V HYBRID FIFTH GENERATION China.jpg Vercel Blob: Cannot use public access on a private store. The store is configured with private access.
- 2023 Honda CR-V (0)
[photos] skip 2016 Honda Pilot LX, front 12.10.24.jpg Vercel Blob: Cannot use public access on a private store. The store is configured with private access.
[photos] skip 2016 Honda Pilot LX, rear 12.10.24.jpg Vercel Blob: Cannot use public access on a private store. The store is configured with private access.
[photos] skip Honda Pilot 3.5 Touring AWD 2016 (30033430935).jpg Vercel Blob: Cannot use public access on a private store. The store is configured with private access.
[photos] skip Honda Pilot Touring 4WD 2016 (25822202897).jpg Vercel Blob: Cannot use public access on a private store. The store is configured with private access.
[photos] skip 2016 Honda Pilot.jpg Vercel Blob: Cannot use public access on a private store. The store is configured with private access.
[photos] skip Honda Pilot (second generation) IMG 4032.jpg Vercel Blob: Cannot use public access on a private store. The store is configured with private access.
[photos] skip Honda Pilot (third generation) DSC 6080.jpg Vercel Blob: Cannot use public access on a private store. The store is configured with private access.
[photos] skip Honda Pilot (third generation) DSC 6082.jpg Vercel Blob: Cannot use public access on a private store. The store is configured with private access.
[photos] skip 2021 Honda Pilot EX-L.jpg Vercel Blob: Cannot use public access on a private store. The store is configured with private access.
[photos] skip Honda Pilot YF6 FL EX-L AWD Lunar Silver Metallic diplomatic.jpg Vercel Blob: Cannot use public access on a private store. The store is configured with private access.
- 2016 Honda Pilot (0)
[photos] skip 2019 Honda Pilot EX-L 3.5L rear 1.5.19.jpg Vercel Blob: Cannot use public access on a private store. The store is configured with private access.
[photos] skip 2019 Honda Pilot EX-L 3.5L front 1.5.19.jpg Vercel Blob: Cannot use public access on a private store. The store is configured with private access.
[photos] skip Honda Pilot 3.5 Elite AWD 2019 (52549891611).jpg Vercel Blob: Cannot use public access on a private store. The store is configured with private access.
[photos] skip 2019 Honda Pilot.jpg Vercel Blob: Cannot use public access on a private store. The store is configured with private access.
[photos] skip Honda Pilot (second generation) IMG 4032.jpg Vercel Blob: Cannot use public access on a private store. The store is configured with private access.
[photos] skip Honda Pilot (third generation) DSC 6080.jpg Vercel Blob: Cannot use public access on a private store. The store is configured with private access.
[photos] skip Honda Pilot (third generation) DSC 6082.jpg Vercel Blob: Cannot use public access on a private store. The store is configured with private access.
[photos] skip 2021 Honda Pilot EX-L.jpg Vercel Blob: Cannot use public access on a private store. The store is configured with private access.
[photos] skip Honda Pilot YF6 FL EX-L AWD Lunar Silver Metallic diplomatic.jpg Vercel Blob: Cannot use public access on a private store. The store is configured with private access.
- 2019 Honda Pilot (0)
[photos] skip 2022 Honda Pilot Trailsport.jpg Vercel Blob: Cannot use public access on a private store. The store is configured with private access.
[photos] skip 2022 Honda Pilot interior.jpg Vercel Blob: Cannot use public access on a private store. The store is configured with private access.
[photos] skip Honda Pilot (second generation) IMG 4032.jpg Vercel Blob: Cannot use public access on a private store. The store is configured with private access.
[photos] skip Honda Pilot (third generation) DSC 6080.jpg Vercel Blob: Cannot use public access on a private store. The store is configured with private access.
[photos] skip Honda Pilot (third generation) DSC 6082.jpg Vercel Blob: Cannot use public access on a private store. The store is configured with private access.
[photos] skip 2021 Honda Pilot EX-L.jpg Vercel Blob: Cannot use public access on a private store. The store is configured with private access.
[photos] skip Honda Pilot YF6 FL EX-L AWD Lunar Silver Metallic diplomatic.jpg Vercel Blob: Cannot use public access on a private store. The store is configured with private access.
- 2022 Honda Pilot (0)
[photos] skip 2016 Lexus RX350, Front Left, 04-05-2021.jpg Vercel Blob: Cannot use public access on a private store. The store is configured with private access.
[photos] skip Lexus RX 350 L FL 1X7A0345.jpg Vercel Blob: Cannot use public access on a private store. The store is configured with private access.
[photos] skip LEXUS RX 350 (AL10) China.jpg Vercel Blob: Cannot use public access on a private store. The store is configured with private access.
[photos] skip LEXUS RX 350 (AL10) China (2).jpg Vercel Blob: Cannot use public access on a private store. The store is configured with private access.
[photos] skip LEXUS RX 350 (AL10) China (3).jpg Vercel Blob: Cannot use public access on a private store. The store is configured with private access.
[photos] skip LEXUS RX 350 (AL10) China (4).jpg Vercel Blob: Cannot use public access on a private store. The store is configured with private access.
- 2016 Lexus RX 350 (0)
[photos] skip 2018 Lexus RX 350 F Sport in Sonic Titanium, front left.jpg Vercel Blob: Cannot use public access on a private store. The store is configured with private access.
[photos] skip 2018 Lexus RX 350 F Sport in Sonic Titanium, rear left.jpg Vercel Blob: Cannot use public access on a private store. The store is configured with private access.
[photos] skip Lexus RX 350 2018.jpg Vercel Blob: Cannot use public access on a private store. The store is configured with private access.
[photos] skip Lexus RX 350 L FL 1X7A0345.jpg Vercel Blob: Cannot use public access on a private store. The store is configured with private access.
[photos] skip LEXUS RX 350 (AL10) China.jpg Vercel Blob: Cannot use public access on a private store. The store is configured with private access.
[photos] skip LEXUS RX 350 (AL10) China (2).jpg Vercel Blob: Cannot use public access on a private store. The store is configured with private access.
[photos] skip LEXUS RX 350 (AL10) China (3).jpg Vercel Blob: Cannot use public access on a private store. The store is configured with private access.
[photos] skip LEXUS RX 350 (AL10) China (4).jpg Vercel Blob: Cannot use public access on a private store. The store is configured with private access.
- 2018 Lexus RX 350 (0)
[photos] skip 2021 Lexus RX350L Premium in Ultra White, rear left.jpg Vercel Blob: Cannot use public access on a private store. The store is configured with private access.
[photos] skip 2016 Lexus RX350, Front Left, 04-05-2021.jpg Vercel Blob: Cannot use public access on a private store. The store is configured with private access.
[photos] skip Lexus RX 350 2021.jpg Vercel Blob: Cannot use public access on a private store. The store is configured with private access.
[photos] skip Lexus RX 350 L FL 1X7A0345.jpg Vercel Blob: Cannot use public access on a private store. The store is configured with private access.
[photos] skip LEXUS RX 350 (AL10) China.jpg Vercel Blob: Cannot use public access on a private store. The store is configured with private access.
[photos] skip LEXUS RX 350 (AL10) China (2).jpg Vercel Blob: Cannot use public access on a private store. The store is configured with private access.
[photos] skip LEXUS RX 350 (AL10) China (3).jpg Vercel Blob: Cannot use public access on a private store. The store is configured with private access.
[photos] skip LEXUS RX 350 (AL10) China (4).jpg Vercel Blob: Cannot use public access on a private store. The store is configured with private access.
- 2021 Lexus RX 350 (0)
[photos] skip 2023 Lexus RX 350 Premium Plus in Matador Red Mica, front left.jpg Vercel Blob: Cannot use public access on a private store. The store is configured with private access.
[photos] skip 2023 Lexus RX 350 Premium Plus in Matador Red Mica, rear left.jpg Vercel Blob: Cannot use public access on a private store. The store is configured with private access.
[photos] skip 2023 Lexus RX 350 Premium Plus in Matador Red Mica, front left (cropped).jpg Vercel Blob: Cannot use public access on a private store. The store is configured with private access.
[photos] skip 2023 Lexus RX 350 Premium Plus in Matador Red Mica, rear left (cropped).jpg Vercel Blob: Cannot use public access on a private store. The store is configured with private access.
[photos] skip 2023 Lexus RX 350 Executive Package in Iridium, Front Left, 01-16-2023.jpg Vercel Blob: Cannot use public access on a private store. The store is configured with private access.
[photos] skip Lexus RX 350 L FL 1X7A0345.jpg Vercel Blob: Cannot use public access on a private store. The store is configured with private access.
[photos] skip LEXUS RX 350 (AL10) China.jpg Vercel Blob: Cannot use public access on a private store. The store is configured with private access.
[photos] skip LEXUS RX 350 (AL10) China (2).jpg Vercel Blob: Cannot use public access on a private store. The store is configured with private access.
[photos] skip LEXUS RX 350 (AL10) China (3).jpg Vercel Blob: Cannot use public access on a private store. The store is configured with private access.
[photos] skip LEXUS RX 350 (AL10) China (4).jpg Vercel Blob: Cannot use public access on a private store. The store is configured with private access.
- 2023 Lexus RX 350 (0)
[photos] skip Lexus RX 350 L FL 1X7A0345.jpg Vercel Blob: Cannot use public access on a private store. The store is configured with private access.
[photos] skip LEXUS RX 350 (AL10) China.jpg Vercel Blob: Cannot use public access on a private store. The store is configured with private access.
[photos] skip LEXUS RX 350 (AL10) China (2).jpg Vercel Blob: Cannot use public access on a private store. The store is configured with private access.
[photos] skip LEXUS RX 350 (AL10) China (3).jpg Vercel Blob: Cannot use public access on a private store. The store is configured with private access.
[photos] skip LEXUS RX 350 (AL10) China (4).jpg Vercel Blob: Cannot use public access on a private store. The store is configured with private access.
- 2025 Lexus RX 350 (0)
[photos] skip LEXUS ES 350 (XV40) China.jpg Vercel Blob: Cannot use public access on a private store. The store is configured with private access.
[photos] skip 2022 Lexus ES 350 (GSZ10) 1X7A0296.jpg Vercel Blob: Cannot use public access on a private store. The store is configured with private access.
[photos] skip 2022 Lexus ES 350 (GSZ10) 1X7A5794.jpg Vercel Blob: Cannot use public access on a private store. The store is configured with private access.
[photos] skip LEXUS ES 350 (XV40) China (2).jpg Vercel Blob: Cannot use public access on a private store. The store is configured with private access.
[photos] skip LEXUS ES 350 (XV40) China (4).jpg Vercel Blob: Cannot use public access on a private store. The store is configured with private access.
- 2017 Lexus ES 350 (0)
[photos] skip 2007 Lexus ES350, Rear Right, 09-01-2020.jpg Vercel Blob: Cannot use public access on a private store. The store is configured with private access.
[photos] skip 2020 Lexus ES 350 Luxury Package in Eminent White Pearl, Front Right, 07-13-2023.jpg Vercel Blob: Cannot use public access on a private store. The store is configured with private access.
[photos] skip 2007 Lexus ES350, Front Left, 05-18-2020.jpg Vercel Blob: Cannot use public access on a private store. The store is configured with private access.
[photos] skip LEXUS ES 350 (XV40) China.jpg Vercel Blob: Cannot use public access on a private store. The store is configured with private access.
[photos] skip 2022 Lexus ES 350 (GSZ10) 1X7A0296.jpg Vercel Blob: Cannot use public access on a private store. The store is configured with private access.
[photos] skip 2022 Lexus ES 350 (GSZ10) 1X7A5794.jpg Vercel Blob: Cannot use public access on a private store. The store is configured with private access.
[photos] skip LEXUS ES 350 (XV40) China (2).jpg Vercel Blob: Cannot use public access on a private store. The store is configured with private access.
[photos] skip LEXUS ES 350 (XV40) China (4).jpg Vercel Blob: Cannot use public access on a private store. The store is configured with private access.
- 2020 Lexus ES 350 (0)
[photos] skip 2022 Lexus ES 350 Premier GSZ10 in Sonic Titanium, rear right, 06-15-2024.jpg Vercel Blob: Cannot use public access on a private store. The store is configured with private access.
[photos] skip 2022 Lexus ES 350 Premier GSZ10 in Sonic Titanium, front right, 06-15-2024.jpg Vercel Blob: Cannot use public access on a private store. The store is configured with private access.
[photos] skip 2022 Lexus ES 350 (GSZ10) 1X7A0296.jpg Vercel Blob: Cannot use public access on a private store. The store is configured with private access.
[photos] skip 2022 Lexus ES 350 (GSZ10) 1X7A5794.jpg Vercel Blob: Cannot use public access on a private store. The store is configured with private access.
[photos] skip LEXUS ES 350 (XV40) China.jpg Vercel Blob: Cannot use public access on a private store. The store is configured with private access.
[photos] skip 2022 Lexus ES 350 (GSZ10) 1X7A0296.jpg Vercel Blob: Cannot use public access on a private store. The store is configured with private access.
[photos] skip 2022 Lexus ES 350 (GSZ10) 1X7A5794.jpg Vercel Blob: Cannot use public access on a private store. The store is configured with private access.
[photos] skip LEXUS ES 350 (XV40) China (2).jpg Vercel Blob: Cannot use public access on a private store. The store is configured with private access.
[photos] skip LEXUS ES 350 (XV40) China (4).jpg Vercel Blob: Cannot use public access on a private store. The store is configured with private access.
- 2022 Lexus ES 350 (0)
[photos] skip 2014 Lexus GX460 Premium, Front Right, 04-05-2021.jpg Vercel Blob: Cannot use public access on a private store. The store is configured with private access.
[photos] skip Lexus GX 460 URJ150 Sonic Quartz - rear.jpg Vercel Blob: Cannot use public access on a private store. The store is configured with private access.
[photos] skip Lexus GX 460 URJ150 Sonic Quartz - front.jpg Vercel Blob: Cannot use public access on a private store. The store is configured with private access.
[photos] skip 2016 Lexus GX 460 (rear).jpg Vercel Blob: Cannot use public access on a private store. The store is configured with private access.
[photos] skip 2016 Lexus GX 460 (front).jpg Vercel Blob: Cannot use public access on a private store. The store is configured with private access.
[photos] skip 2020 Lexus GX 460 in Sonic Titanium, rear right.jpg Vercel Blob: Cannot use public access on a private store. The store is configured with private access.
- 2014 Lexus GX 460 (0)
[photos] skip 2018 Lexus GX 460 (facelift), front 4.26.23.jpg Vercel Blob: Cannot use public access on a private store. The store is configured with private access.
[photos] skip 2018 Lexus GX 460 (facelift), rear 4.26.23.jpg Vercel Blob: Cannot use public access on a private store. The store is configured with private access.
[photos] skip Lexus GX 460 URJ150 Sonic Quartz - rear.jpg Vercel Blob: Cannot use public access on a private store. The store is configured with private access.
[photos] skip Lexus GX 460 URJ150 Sonic Quartz - front.jpg Vercel Blob: Cannot use public access on a private store. The store is configured with private access.
[photos] skip 2016 Lexus GX 460 (rear).jpg Vercel Blob: Cannot use public access on a private store. The store is configured with private access.
[photos] skip 2016 Lexus GX 460 (front).jpg Vercel Blob: Cannot use public access on a private store. The store is configured with private access.
[photos] skip 2020 Lexus GX 460 in Sonic Titanium, rear right.jpg Vercel Blob: Cannot use public access on a private store. The store is configured with private access.
- 2018 Lexus GX 460 (0)
[photos] skip 2022 Lexus GX 460.jpg Vercel Blob: Cannot use public access on a private store. The store is configured with private access.
[photos] skip Lexus GX 460 URJ150 Sonic Quartz - rear.jpg Vercel Blob: Cannot use public access on a private store. The store is configured with private access.
[photos] skip Lexus GX 460 URJ150 Sonic Quartz - front.jpg Vercel Blob: Cannot use public access on a private store. The store is configured with private access.
[photos] skip 2016 Lexus GX 460 (rear).jpg Vercel Blob: Cannot use public access on a private store. The store is configured with private access.
[photos] skip 2016 Lexus GX 460 (front).jpg Vercel Blob: Cannot use public access on a private store. The store is configured with private access.
[photos] skip 2020 Lexus GX 460 in Sonic Titanium, rear right.jpg Vercel Blob: Cannot use public access on a private store. The store is configured with private access.
- 2022 Lexus GX 460 (0)
[photos] skip Lexus LX 570 URJ200 2015.jpg Vercel Blob: Cannot use public access on a private store. The store is configured with private access.
[photos] skip Osaka Motor Show 2015 (184) - Lexus LX570 (DBA-URJ201W-GNZGK).JPG Vercel Blob: Cannot use public access on a private store. The store is configured with private access.
[photos] skip Osaka Motor Show 2015 (183) - Lexus LX570 (DBA-URJ201W-GNZGK).JPG Vercel Blob: Cannot use public access on a private store. The store is configured with private access.
[photos] skip 2018 Lexus LX 570 Superior black rear.jpg Vercel Blob: Cannot use public access on a private store. The store is configured with private access.
[photos] skip Lexus LX 570 URJ200 Black Onyx - front.jpg Vercel Blob: Cannot use public access on a private store. The store is configured with private access.
[photos] skip LEXUS LX 570 (200) China (2).jpg Vercel Blob: Cannot use public access on a private store. The store is configured with private access.
[photos] skip LEXUS LX 570 (J200) China.jpg Vercel Blob: Cannot use public access on a private store. The store is configured with private access.
[photos] skip LEXUS LX 570 (J200) China (2).jpg Vercel Blob: Cannot use public access on a private store. The store is configured with private access.
- 2015 Lexus LX 570 (0)
[photos] skip 2018 Lexus LX 570 Superior black rear.jpg Vercel Blob: Cannot use public access on a private store. The store is configured with private access.
[photos] skip 2018 Lexus LX 570 (facelift), front 3.24.23.jpg Vercel Blob: Cannot use public access on a private store. The store is configured with private access.
[photos] skip 2018 Lexus LX 570 Superior black rear.jpg Vercel Blob: Cannot use public access on a private store. The store is configured with private access.
[photos] skip Lexus LX 570 URJ200 Black Onyx - front.jpg Vercel Blob: Cannot use public access on a private store. The store is configured with private access.
[photos] skip LEXUS LX 570 (200) China (2).jpg Vercel Blob: Cannot use public access on a private store. The store is configured with private access.
[photos] skip LEXUS LX 570 (J200) China.jpg Vercel Blob: Cannot use public access on a private store. The store is configured with private access.
[photos] skip LEXUS LX 570 (J200) China (2).jpg Vercel Blob: Cannot use public access on a private store. The store is configured with private access.
- 2018 Lexus LX 570 (0)
[photos] skip 2021 Lexus LX 570 (URJ201R) wagon (2023-12-03).jpg Vercel Blob: Cannot use public access on a private store. The store is configured with private access.
[photos] skip 2018 Lexus LX 570 Superior black rear.jpg Vercel Blob: Cannot use public access on a private store. The store is configured with private access.
[photos] skip Lexus LX 570 URJ200 Black Onyx - front.jpg Vercel Blob: Cannot use public access on a private store. The store is configured with private access.
[photos] skip LEXUS LX 570 (200) China (2).jpg Vercel Blob: Cannot use public access on a private store. The store is configured with private access.
[photos] skip LEXUS LX 570 (J200) China.jpg Vercel Blob: Cannot use public access on a private store. The store is configured with private access.
[photos] skip LEXUS LX 570 (J200) China (2).jpg Vercel Blob: Cannot use public access on a private store. The store is configured with private access.
- 2021 Lexus LX 570 (0)
[photos] skip 2018 Lexus LX 570 Superior black rear.jpg Vercel Blob: Cannot use public access on a private store. The store is configured with private access.
[photos] skip Lexus LX 570 URJ200 Black Onyx - front.jpg Vercel Blob: Cannot use public access on a private store. The store is configured with private access.
[photos] skip LEXUS LX 570 (200) China (2).jpg Vercel Blob: Cannot use public access on a private store. The store is configured with private access.
[photos] skip LEXUS LX 570 (J200) China.jpg Vercel Blob: Cannot use public access on a private store. The store is configured with private access.
[photos] skip LEXUS LX 570 (J200) China (2).jpg Vercel Blob: Cannot use public access on a private store. The store is configured with private access.
- 2025 Lexus LX 570 (0)
[photos] skip 2016 Nissan Altima SV, Front Left, 03-26-2021.jpg Vercel Blob: Cannot use public access on a private store. The store is configured with private access.
[photos] skip Nissan Altima 2.5 SV 2016.jpg Vercel Blob: Cannot use public access on a private store. The store is configured with private access.
[photos] skip 2014 Nissan Altima (L33) ST sedan (2016-05-12) 01.jpg Vercel Blob: Cannot use public access on a private store. The store is configured with private access.
[photos] skip 2014 Nissan Altima (L33) ST sedan (2016-05-12) 02.jpg Vercel Blob: Cannot use public access on a private store. The store is configured with private access.
[photos] skip 2014 Nissan Altima (L33) ST sedan (2016-03-30) 01.jpg Vercel Blob: Cannot use public access on a private store. The store is configured with private access.
[photos] skip 2019 Nissan Altima SL 2.5L front 3.22.19.jpg Vercel Blob: Cannot use public access on a private store. The store is configured with private access.
[photos] skip Nissan Altima (L33) Facelift (rear).jpg Vercel Blob: Cannot use public access on a private store. The store is configured with private access.
[photos] skip NISSAN ALTIMA (L34) China.jpg Vercel Blob: Cannot use public access on a private store. The store is configured with private access.
[photos] skip NISSAN ALTIMA (L34) China (2).jpg Vercel Blob: Cannot use public access on a private store. The store is configured with private access.
[photos] skip NISSAN ALTIMA (L34) China (3).jpg Vercel Blob: Cannot use public access on a private store. The store is configured with private access.
- 2016 Nissan Altima (0)
[photos] skip 2019 Nissan Altima SR AWD, front 9.30.19.jpg Vercel Blob: Cannot use public access on a private store. The store is configured with private access.
[photos] skip 2019 Nissan Altima SR AWD, rear 9.30.19.jpg Vercel Blob: Cannot use public access on a private store. The store is configured with private access.
[photos] skip 2019 Nissan Altima, rear 7.11.20.jpg Vercel Blob: Cannot use public access on a private store. The store is configured with private access.
[photos] skip 2019 Nissan Altima SL 2.5L front 3.22.19.jpg Vercel Blob: Cannot use public access on a private store. The store is configured with private access.
[photos] skip 2019 Nissan Altima rear 12.24.18.jpg Vercel Blob: Cannot use public access on a private store. The store is configured with private access.
[photos] skip 2019 Nissan Altima SL 2.5L front 3.22.19.jpg Vercel Blob: Cannot use public access on a private store. The store is configured with private access.
[photos] skip Nissan Altima (L33) Facelift (rear).jpg Vercel Blob: Cannot use public access on a private store. The store is configured with private access.
[photos] skip NISSAN ALTIMA (L34) China.jpg Vercel Blob: Cannot use public access on a private store. The store is configured with private access.
[photos] skip NISSAN ALTIMA (L34) China (2).jpg Vercel Blob: Cannot use public access on a private store. The store is configured with private access.
[photos] skip NISSAN ALTIMA (L34) China (3).jpg Vercel Blob: Cannot use public access on a private store. The store is configured with private access.
- 2019 Nissan Altima (0)
[photos] skip 2008 Nissan Altima 2.5 S, front left, 08-07-2022.jpg Vercel Blob: Cannot use public access on a private store. The store is configured with private access.
[photos] skip 2008 Nissan Altima 2.5 S, rear left, 08-07-2022.jpg Vercel Blob: Cannot use public access on a private store. The store is configured with private access.
[photos] skip 2019 Nissan Altima Platinum AWD Edition One in Scarlet Ember Tintcoat, Front Left, 01-30-2022.jpg Vercel Blob: Cannot use public access on a private store. The store is configured with private access.
[photos] skip 2007 Nissan Altima 2.5S in Super Black, Front Left, 05-08-2022.jpg Vercel Blob: Cannot use public access on a private store. The store is configured with private access.
[photos] skip 2019 Nissan Altima Platinum AWD Edition One in Scarlet Ember Tintcoat, Rear Left, 01-30-2022.jpg Vercel Blob: Cannot use public access on a private store. The store is configured with private access.
[photos] skip 2019 Nissan Altima SL 2.5L front 3.22.19.jpg Vercel Blob: Cannot use public access on a private store. The store is configured with private access.
[photos] skip Nissan Altima (L33) Facelift (rear).jpg Vercel Blob: Cannot use public access on a private store. The store is configured with private access.
[photos] skip NISSAN ALTIMA (L34) China.jpg Vercel Blob: Cannot use public access on a private store. The store is configured with private access.
[photos] skip NISSAN ALTIMA (L34) China (2).jpg Vercel Blob: Cannot use public access on a private store. The store is configured with private access.
[photos] skip NISSAN ALTIMA (L34) China (3).jpg Vercel Blob: Cannot use public access on a private store. The store is configured with private access.
- 2022 Nissan Altima (0)
[photos] skip Nissan Pathfinder R51 China 2016-04-10.jpg Vercel Blob: Cannot use public access on a private store. The store is configured with private access.
[photos] skip 2016 Nissan Pathfinder interior.jpg Vercel Blob: Cannot use public access on a private store. The store is configured with private access.
[photos] skip Nissan Pathfinder 003.jpg Vercel Blob: Cannot use public access on a private store. The store is configured with private access.
[photos] skip Nissan Pathfinder 001.jpg Vercel Blob: Cannot use public access on a private store. The store is configured with private access.
[photos] skip Nissan Pathfinder 002.jpg Vercel Blob: Cannot use public access on a private store. The store is configured with private access.
[photos] skip Nissan Pathfinder 004.jpg Vercel Blob: Cannot use public access on a private store. The store is configured with private access.
[photos] skip Nissan Pathfinder 005.jpg Vercel Blob: Cannot use public access on a private store. The store is configured with private access.
- 2016 Nissan Pathfinder (0)
[photos] skip 2019 Nissan Pathfinder SL 4WD Rock Creek, rear left.jpg Vercel Blob: Cannot use public access on a private store. The store is configured with private access.
[photos] skip 2019 Nissan Pathfinder SL 4WD Rock Creek, front left.jpg Vercel Blob: Cannot use public access on a private store. The store is configured with private access.
[photos] skip 2008 Volkswagen Rabbit, 2019 Nissan Pathfinder, And the fronts of a 2000 Dodge Neon and 1995 Ford Thunderbird.jpg Vercel Blob: Cannot use public access on a private store. The store is configured with private access.
[photos] skip 2019 Nissan Pathfinder, Front Right, 09-20-2020.jpg Vercel Blob: Cannot use public access on a private store. The store is configured with private access.
[photos] skip 2019 Nissan Pathfinder au SIAM 2019.jpg Vercel Blob: Cannot use public access on a private store. The store is configured with private access.
[photos] skip Nissan Pathfinder 003.jpg Vercel Blob: Cannot use public access on a private store. The store is configured with private access.
[photos] skip Nissan Pathfinder 001.jpg Vercel Blob: Cannot use public access on a private store. The store is configured with private access.
[photos] skip Nissan Pathfinder 002.jpg Vercel Blob: Cannot use public access on a private store. The store is configured with private access.
[photos] skip Nissan Pathfinder 004.jpg Vercel Blob: Cannot use public access on a private store. The store is configured with private access.
[photos] skip Nissan Pathfinder 005.jpg Vercel Blob: Cannot use public access on a private store. The store is configured with private access.
- 2019 Nissan Pathfinder (0)
[photos] skip 2022 Nissan Pathfinder SV in Pearl White, rear right, 12-11-2021.jpg Vercel Blob: Cannot use public access on a private store. The store is configured with private access.
[photos] skip 2022 Nissan Pathfinder SV in Pearl White, front right, 12-11-2021.jpg Vercel Blob: Cannot use public access on a private store. The store is configured with private access.
[photos] skip 1996 Nissan Pathfinder XE in Cayenne Red, front left, 3-24-2022.jpg Vercel Blob: Cannot use public access on a private store. The store is configured with private access.
[photos] skip 1996 Nissan Pathfinder XE in Cayenne Red, rear left, 3-24-2022.jpg Vercel Blob: Cannot use public access on a private store. The store is configured with private access.
[photos] skip 2022 Nissan Pathfinder, rear 6.11.22.jpg Vercel Blob: Cannot use public access on a private store. The store is configured with private access.
[photos] skip Nissan Pathfinder 003.jpg Vercel Blob: Cannot use public access on a private store. The store is configured with private access.
[photos] skip Nissan Pathfinder 001.jpg Vercel Blob: Cannot use public access on a private store. The store is configured with private access.
[photos] skip Nissan Pathfinder 002.jpg Vercel Blob: Cannot use public access on a private store. The store is configured with private access.
[photos] skip Nissan Pathfinder 004.jpg Vercel Blob: Cannot use public access on a private store. The store is configured with private access.
[photos] skip Nissan Pathfinder 005.jpg Vercel Blob: Cannot use public access on a private store. The store is configured with private access.
- 2022 Nissan Pathfinder (0)
[photos] skip 2017 Nissan Rogue Sport AWD 2.0L front 5.20.19.jpg Vercel Blob: Cannot use public access on a private store. The store is configured with private access.
[photos] skip 2017 Nissan Rogue Star Wars Limited Edition, rear right in Glacier White.jpg Vercel Blob: Cannot use public access on a private store. The store is configured with private access.
[photos] skip 2017 Nissan Rogue Star Wars Limited Edition, front right in Glacier White.jpg Vercel Blob: Cannot use public access on a private store. The store is configured with private access.
[photos] skip 2017 Nissan Rogue Sport AWD 2.0L rear 5.20.19.jpg Vercel Blob: Cannot use public access on a private store. The store is configured with private access.
[photos] skip 2017 Nissan Rogue, Front Right, 09-13-2020.jpg Vercel Blob: Cannot use public access on a private store. The store is configured with private access.
[photos] skip Nissan Rogue (T33) Washington DC Metro Area, USA.jpg Vercel Blob: Cannot use public access on a private store. The store is configured with private access.
[photos] skip Nissan Rogue (T32) Washington DC Metro Area, USA.jpg Vercel Blob: Cannot use public access on a private store. The store is configured with private access.
[photos] skip Nissan Rogue (S35) Washington DC Metro Area, USA (1).jpg Vercel Blob: Cannot use public access on a private store. The store is configured with private access.
[photos] skip Nissan Rogue (T32) Washington DC Metro Area, USA (3).jpg Vercel Blob: Cannot use public access on a private store. The store is configured with private access.
[photos] skip Nissan Rogue (T33) Washington DC Metro Area, USA (3).jpg Vercel Blob: Cannot use public access on a private store. The store is configured with private access.
- 2017 Nissan Rogue (0)
[photos] skip 2020 Nissan Rogue Sport SV AWD (facelift), rear 3.2.20.jpg Vercel Blob: Cannot use public access on a private store. The store is configured with private access.
[photos] skip 2020 Nissan Rogue Sport S, front left, 05-01-2024.jpg Vercel Blob: Cannot use public access on a private store. The store is configured with private access.
[photos] skip 2020 Nissan Rogue Sport SV AWD (facelift), front 10.10.20.jpg Vercel Blob: Cannot use public access on a private store. The store is configured with private access.
[photos] skip 2020 Nissan Rogue Sport SV AWD (facelift), rear 10.10.20.jpg Vercel Blob: Cannot use public access on a private store. The store is configured with private access.
[photos] skip 2020 Nissan Rogue Sport SV AWD (facelift), front 3.2.20.jpg Vercel Blob: Cannot use public access on a private store. The store is configured with private access.
[photos] skip Nissan Rogue (T33) Washington DC Metro Area, USA.jpg Vercel Blob: Cannot use public access on a private store. The store is configured with private access.
[photos] skip Nissan Rogue (T32) Washington DC Metro Area, USA.jpg Vercel Blob: Cannot use public access on a private store. The store is configured with private access.
[photos] skip Nissan Rogue (S35) Washington DC Metro Area, USA (1).jpg Vercel Blob: Cannot use public access on a private store. The store is configured with private access.
[photos] skip Nissan Rogue (T32) Washington DC Metro Area, USA (3).jpg Vercel Blob: Cannot use public access on a private store. The store is configured with private access.
[photos] skip Nissan Rogue (T33) Washington DC Metro Area, USA (3).jpg Vercel Blob: Cannot use public access on a private store. The store is configured with private access.
- 2020 Nissan Rogue (0)
[photos] skip 2023 Nissan Rogue SV in Super Black, front left.jpg Vercel Blob: Cannot use public access on a private store. The store is configured with private access.
[photos] skip 2008 Nissan Rogue S in Wicked Black, rear left, 09-03-2023.jpg Vercel Blob: Cannot use public access on a private store. The store is configured with private access.
[photos] skip 2008 Nissan Rogue S in Wicked Black, front left, 09-03-2023.jpg Vercel Blob: Cannot use public access on a private store. The store is configured with private access.
[photos] skip 2021 Nissan Rogue SV in Boulder Grey Pearl, Front Right, 04-28-2023.jpg Vercel Blob: Cannot use public access on a private store. The store is configured with private access.
[photos] skip 2023 Nissan Rogue SV, rear 3.24.23.jpg Vercel Blob: Cannot use public access on a private store. The store is configured with private access.
[photos] skip Nissan Rogue (T33) Washington DC Metro Area, USA.jpg Vercel Blob: Cannot use public access on a private store. The store is configured with private access.
[photos] skip Nissan Rogue (T32) Washington DC Metro Area, USA.jpg Vercel Blob: Cannot use public access on a private store. The store is configured with private access.
[photos] skip Nissan Rogue (S35) Washington DC Metro Area, USA (1).jpg Vercel Blob: Cannot use public access on a private store. The store is configured with private access.
[photos] skip Nissan Rogue (T32) Washington DC Metro Area, USA (3).jpg Vercel Blob: Cannot use public access on a private store. The store is configured with private access.
[photos] skip Nissan Rogue (T33) Washington DC Metro Area, USA (3).jpg Vercel Blob: Cannot use public access on a private store. The store is configured with private access.
- 2023 Nissan Rogue (0)
[photos] skip 2026 Nissan Rogue Platinum in Two-Tone Boulder Grey, front right, 2025-11-21.jpg Vercel Blob: Cannot use public access on a private store. The store is configured with private access.
[photos] skip 2026 Nissan Rogue Platinum in Two-Tone Boulder Grey, rear left, 2025-11-21.jpg Vercel Blob: Cannot use public access on a private store. The store is configured with private access.
[photos] skip 2025 Nissan Rogue Rock Creek AWD, front NYIAS 2025.jpg Vercel Blob: Cannot use public access on a private store. The store is configured with private access.
[photos] skip 2025 Nissan Rogue Rock Creek AWD, rear NYIAS 2025.jpg Vercel Blob: Cannot use public access on a private store. The store is configured with private access.
[photos] skip Unmarked Nissan Rogue - Possible Test Autonomous Vehicle - San Francisco, May 2025 02.jpg Vercel Blob: Cannot use public access on a private store. The store is configured with private access.
[photos] skip Nissan Rogue (T33) Washington DC Metro Area, USA.jpg Vercel Blob: Cannot use public access on a private store. The store is configured with private access.
[photos] skip Nissan Rogue (T32) Washington DC Metro Area, USA.jpg Vercel Blob: Cannot use public access on a private store. The store is configured with private access.
[photos] skip Nissan Rogue (S35) Washington DC Metro Area, USA (1).jpg Vercel Blob: Cannot use public access on a private store. The store is configured with private access.
[photos] skip Nissan Rogue (T32) Washington DC Metro Area, USA (3).jpg Vercel Blob: Cannot use public access on a private store. The store is configured with private access.
[photos] skip Nissan Rogue (T33) Washington DC Metro Area, USA (3).jpg Vercel Blob: Cannot use public access on a private store. The store is configured with private access.
- 2025 Nissan Rogue (0)
[photos] skip 2017 Mazda CX-5 CDTi 2.2 Front.jpg Vercel Blob: Cannot use public access on a private store. The store is configured with private access.
[photos] skip 2017 Mazda CX-5 CDTi 2.2 Rear.jpg Vercel Blob: Cannot use public access on a private store. The store is configured with private access.
[photos] skip 2017 Mazda CX-5 (KF) Touring AWD wagon (2018-10-01) 01.jpg Vercel Blob: Cannot use public access on a private store. The store is configured with private access.
[photos] skip 2017 Mazda CX-5 (KF) Touring AWD wagon (2018-10-01) 02.jpg Vercel Blob: Cannot use public access on a private store. The store is configured with private access.
[photos] skip Mazda CX-9 GTX 2017.jpg Vercel Blob: Cannot use public access on a private store. The store is configured with private access.
[photos] skip 2022 Mazda CX-5 2.0 front.jpg Vercel Blob: Cannot use public access on a private store. The store is configured with private access.
[photos] skip 2026 Mazda CX-5 e-SKYACTIV G 2.5 L.jpg Vercel Blob: Cannot use public access on a private store. The store is configured with private access.
[photos] skip Mazda CX-5 (KF) Facelift 1X7A0331 (2).jpg Vercel Blob: Cannot use public access on a private store. The store is configured with private access.
[photos] skip MAZDA CX-5 (KF) China.jpg Vercel Blob: Cannot use public access on a private store. The store is configured with private access.
[photos] skip MAZDA CX-5 (KF) China (2).jpg Vercel Blob: Cannot use public access on a private store. The store is configured with private access.
- 2017 Mazda CX-5 (0)
[photos] skip 2020-2021 Mazda CX-5 XD AWD rear.jpg Vercel Blob: Cannot use public access on a private store. The store is configured with private access.
[photos] skip 2020 Mazda CX-9 Touring, Soul Red Crystal Metallic, front left.jpg Vercel Blob: Cannot use public access on a private store. The store is configured with private access.
[photos] skip 2020 Mazda CX-9 Touring, Soul Red Crystal Metallic, rear left.jpg Vercel Blob: Cannot use public access on a private store. The store is configured with private access.
[photos] skip 2020 Mazda CX-30 Preferred AWD, rear left.jpg Vercel Blob: Cannot use public access on a private store. The store is configured with private access.
[photos] skip 2020 Mazda CX-30 Preferred AWD, front left.jpg Vercel Blob: Cannot use public access on a private store. The store is configured with private access.
[photos] skip 2022 Mazda CX-5 2.0 front.jpg Vercel Blob: Cannot use public access on a private store. The store is configured with private access.
[photos] skip 2026 Mazda CX-5 e-SKYACTIV G 2.5 L.jpg Vercel Blob: Cannot use public access on a private store. The store is configured with private access.
[photos] skip Mazda CX-5 (KF) Facelift 1X7A0331 (2).jpg Vercel Blob: Cannot use public access on a private store. The store is configured with private access.
[photos] skip MAZDA CX-5 (KF) China.jpg Vercel Blob: Cannot use public access on a private store. The store is configured with private access.
[photos] skip MAZDA CX-5 (KF) China (2).jpg Vercel Blob: Cannot use public access on a private store. The store is configured with private access.
- 2020 Mazda CX-5 (0)
[photos] skip Mazda CX-5 2.5T Signature 2023 (53748231678).jpg Vercel Blob: Cannot use public access on a private store. The store is configured with private access.
[photos] skip 2023 Mazda CX-5 2.0 Sport in Sport Red Crystal, 06-09-2024.jpg Vercel Blob: Cannot use public access on a private store. The store is configured with private access.
[photos] skip Mazda CX-5 Signature 2023 (54222828161).jpg Vercel Blob: Cannot use public access on a private store. The store is configured with private access.
[photos] skip Mazda CX-5 2.5 GTX AWD 2023.jpg Vercel Blob: Cannot use public access on a private store. The store is configured with private access.
[photos] skip 2022 Mazda CX-5 2.0 front.jpg Vercel Blob: Cannot use public access on a private store. The store is configured with private access.
[photos] skip 2026 Mazda CX-5 e-SKYACTIV G 2.5 L.jpg Vercel Blob: Cannot use public access on a private store. The store is configured with private access.
[photos] skip Mazda CX-5 (KF) Facelift 1X7A0331 (2).jpg Vercel Blob: Cannot use public access on a private store. The store is configured with private access.
[photos] skip MAZDA CX-5 (KF) China.jpg Vercel Blob: Cannot use public access on a private store. The store is configured with private access.
[photos] skip MAZDA CX-5 (KF) China (2).jpg Vercel Blob: Cannot use public access on a private store. The store is configured with private access.
- 2023 Mazda CX-5 (0)
[photos] skip 2016 Mitsubishi Outlander ES AWC in Cool Silver Metallic, front left, 2024-05-11.jpg Vercel Blob: Cannot use public access on a private store. The store is configured with private access.
[photos] skip 2016 Mitsubishi Outlander Sport PX 2.0 GA2W (20220308) 01.jpg Vercel Blob: Cannot use public access on a private store. The store is configured with private access.
[photos] skip 2014 Mitsubishi Outlander (ZJ MY14) LS 2WD wagon (2016-07-07) 01.jpg Vercel Blob: Cannot use public access on a private store. The store is configured with private access.
[photos] skip 2016 Mitsubishi Outlander Sport PX 2.0 GA2W (20220308) 02.jpg Vercel Blob: Cannot use public access on a private store. The store is configured with private access.
[photos] skip 2016 Mitsubishi Outlander GX 4H PHEV S-A 2.0.jpg Vercel Blob: Cannot use public access on a private store. The store is configured with private access.
[photos] skip 2021-2024 Mitsubishi Outlander PHEV P rear.jpg Vercel Blob: Cannot use public access on a private store. The store is configured with private access.
[photos] skip 2024 Mitsubishi Outlander PHEV P Executive Package.jpg Vercel Blob: Cannot use public access on a private store. The store is configured with private access.
[photos] skip MITSUBISHI OUTLANDER (GF,GG,ZJ,ZK,ZL) China.jpg Vercel Blob: Cannot use public access on a private store. The store is configured with private access.
[photos] skip MITSUBISHI OUTLANDER(CW,ZG,ZH) China.jpg Vercel Blob: Cannot use public access on a private store. The store is configured with private access.
[photos] skip MITSUBISHI OUTLANDER(CW,ZG,ZH) China (2).jpg Vercel Blob: Cannot use public access on a private store. The store is configured with private access.
- 2016 Mitsubishi Outlander (0)
[photos] skip 2019 Mitsubishi Outlander PHEV in Sterling Silver Metallic, front right.jpg Vercel Blob: Cannot use public access on a private store. The store is configured with private access.
[photos] skip 2019 Mitsubishi Outlander PHEV in Sterling Silver Metallic, rear right.jpg Vercel Blob: Cannot use public access on a private store. The store is configured with private access.
[photos] skip 2019 Mitsubishi Outlander, front right side (US).jpg Vercel Blob: Cannot use public access on a private store. The store is configured with private access.
[photos] skip 2019 Mitsubishi Outlander, front right side.jpg Vercel Blob: Cannot use public access on a private store. The store is configured with private access.
[photos] skip Mitsubishi Outlander 2.4 GLS (2019) (52722362665).jpg Vercel Blob: Cannot use public access on a private store. The store is configured with private access.
[photos] skip 2021-2024 Mitsubishi Outlander PHEV P rear.jpg Vercel Blob: Cannot use public access on a private store. The store is configured with private access.
[photos] skip 2024 Mitsubishi Outlander PHEV P Executive Package.jpg Vercel Blob: Cannot use public access on a private store. The store is configured with private access.
[photos] skip MITSUBISHI OUTLANDER(CW,ZG,ZH) China.jpg Vercel Blob: Cannot use public access on a private store. The store is configured with private access.
[photos] skip MITSUBISHI OUTLANDER(CW,ZG,ZH) China (2).jpg Vercel Blob: Cannot use public access on a private store. The store is configured with private access.
[photos] skip MITSUBISHI OUTLANDER(CW,ZG,ZH) China (3).jpg Vercel Blob: Cannot use public access on a private store. The store is configured with private access.
- 2019 Mitsubishi Outlander (0)
[photos] skip 2022 Mitsubishi Outlander ES 2WD 7seater rear.jpg Vercel Blob: Cannot use public access on a private store. The store is configured with private access.
[photos] skip 2022 Mitsubishi Outlander ES 2WD 7seater front.jpg Vercel Blob: Cannot use public access on a private store. The store is configured with private access.
[photos] skip 2022 Mitsubishi Outlander SE Launch Edition (United States) front view 04.png Vercel Blob: Cannot use public access on a private store. The store is configured with private access.
[photos] skip 2022 Mitsubishi Outlander SE Launch Edition (United States) rear view.png Vercel Blob: Cannot use public access on a private store. The store is configured with private access.
[photos] skip 2022 Mitsubishi Outlander SE S-AWC, 07-29-2022.jpg Vercel Blob: Cannot use public access on a private store. The store is configured with private access.
[photos] skip 2021-2024 Mitsubishi Outlander PHEV P rear.jpg Vercel Blob: Cannot use public access on a private store. The store is configured with private access.
[photos] skip 2024 Mitsubishi Outlander PHEV P Executive Package.jpg Vercel Blob: Cannot use public access on a private store. The store is configured with private access.
[photos] skip MITSUBISHI OUTLANDER (GF,GG,ZJ,ZK,ZL) China.jpg Vercel Blob: Cannot use public access on a private store. The store is configured with private access.
[photos] skip MITSUBISHI OUTLANDER(CW,ZG,ZH) China.jpg Vercel Blob: Cannot use public access on a private store. The store is configured with private access.
[photos] skip MITSUBISHI OUTLANDER(CW,ZG,ZH) China (2).jpg Vercel Blob: Cannot use public access on a private store. The store is configured with private access.
- 2022 Mitsubishi Outlander (0)
[photos] skip 2017 Subaru Forester (MY17) wagon (2017-11-18) 01.jpg Vercel Blob: Cannot use public access on a private store. The store is configured with private access.
[photos] skip 2017 Subaru Forester (MY17) wagon (2017-11-18) 02.jpg Vercel Blob: Cannot use public access on a private store. The store is configured with private access.
[photos] skip Subaru Forester 2.0 Dynamic 2017 (27808946269).jpg Vercel Blob: Cannot use public access on a private store. The store is configured with private access.
[photos] skip 2017 Subaru Forester FBAA3 DE.jpg Vercel Blob: Cannot use public access on a private store. The store is configured with private access.
[photos] skip Subaru Forester 2.0 AWD 2017.jpg Vercel Blob: Cannot use public access on a private store. The store is configured with private access.
[photos] skip Subaru Forester Wilderness Prototype rear.jpg Vercel Blob: Cannot use public access on a private store. The store is configured with private access.
[photos] skip 2015-2018 Subaru Forester XT rear.jpg Vercel Blob: Cannot use public access on a private store. The store is configured with private access.
[photos] skip DSC00771-3 Subaru Forester, Cinofili Guardia di Finanza, Front Left.jpg Vercel Blob: Cannot use public access on a private store. The store is configured with private access.
[photos] skip Subaru Forester Wilderness Prototype.jpg Vercel Blob: Cannot use public access on a private store. The store is configured with private access.
[photos] skip 2015-2018 Subaru Forester XT.jpg Vercel Blob: Cannot use public access on a private store. The store is configured with private access.
- 2017 Subaru Forester (0)
[photos] skip 2020 Subaru Forester (base) in Crystal White, rear left.jpg Vercel Blob: Cannot use public access on a private store. The store is configured with private access.
[photos] skip 2020 Subaru Forester (base) in Crystal White, front right.jpg Vercel Blob: Cannot use public access on a private store. The store is configured with private access.
[photos] skip Subaru Forester at sunset at Errabiddy lookout, July 2020.jpg Vercel Blob: Cannot use public access on a private store. The store is configured with private access.
[photos] skip Subaru Forester (SK) e-BOXER Sindelfingen 2020 IMG 2323.jpg Vercel Blob: Cannot use public access on a private store. The store is configured with private access.
[photos] skip Subaru Forester Wilderness Prototype rear.jpg Vercel Blob: Cannot use public access on a private store. The store is configured with private access.
[photos] skip 2015-2018 Subaru Forester XT rear.jpg Vercel Blob: Cannot use public access on a private store. The store is configured with private access.
[photos] skip DSC00771-3 Subaru Forester, Cinofili Guardia di Finanza, Front Left.jpg Vercel Blob: Cannot use public access on a private store. The store is configured with private access.
[photos] skip Subaru Forester Wilderness Prototype.jpg Vercel Blob: Cannot use public access on a private store. The store is configured with private access.
[photos] skip 2015-2018 Subaru Forester XT.jpg Vercel Blob: Cannot use public access on a private store. The store is configured with private access.
- 2020 Subaru Forester (0)
[photos] skip 2023 Subaru Forester Sport, rear 3.24.23.jpg Vercel Blob: Cannot use public access on a private store. The store is configured with private access.
[photos] skip 2023 Subaru Forester Sport, front 3.24.23.jpg Vercel Blob: Cannot use public access on a private store. The store is configured with private access.
[photos] skip 2023 Subaru Forester Wilderness in Crystal Black Silica, Rear Right, 08-13-2023.jpg Vercel Blob: Cannot use public access on a private store. The store is configured with private access.
[photos] skip Subaru Forester 2.5 Sport Edition 2023 (53093202352).jpg Vercel Blob: Cannot use public access on a private store. The store is configured with private access.
[photos] skip Subaru Forester 2.5 Sport Edition 2023 (53479132511).jpg Vercel Blob: Cannot use public access on a private store. The store is configured with private access.
[photos] skip Subaru Forester Wilderness Prototype rear.jpg Vercel Blob: Cannot use public access on a private store. The store is configured with private access.
[photos] skip 2015-2018 Subaru Forester XT rear.jpg Vercel Blob: Cannot use public access on a private store. The store is configured with private access.
[photos] skip DSC00771-3 Subaru Forester, Cinofili Guardia di Finanza, Front Left.jpg Vercel Blob: Cannot use public access on a private store. The store is configured with private access.
[photos] skip Subaru Forester Wilderness Prototype.jpg Vercel Blob: Cannot use public access on a private store. The store is configured with private access.
[photos] skip 2015-2018 Subaru Forester XT.jpg Vercel Blob: Cannot use public access on a private store. The store is configured with private access.
- 2023 Subaru Forester (0)
[photos] skip 2025 Subaru Forester Hybrid Touring in Brilliant Bronze Metallic, front right.jpg Vercel Blob: Cannot use public access on a private store. The store is configured with private access.
[photos] skip 2025 Subaru Forester Limited (United States) front view.jpg Vercel Blob: Cannot use public access on a private store. The store is configured with private access.
[photos] skip 2025 Subaru Forester Sport (United States) front view.jpg Vercel Blob: Cannot use public access on a private store. The store is configured with private access.
[photos] skip 2026 Subaru Forester Wilderness, front NYIAS 2025.jpg Vercel Blob: Cannot use public access on a private store. The store is configured with private access.
[photos] skip 2026 Subaru Forester Wilderness, rear NYIAS 2025.jpg Vercel Blob: Cannot use public access on a private store. The store is configured with private access.
[photos] skip Subaru Forester Wilderness Prototype rear.jpg Vercel Blob: Cannot use public access on a private store. The store is configured with private access.
[photos] skip 2015-2018 Subaru Forester XT rear.jpg Vercel Blob: Cannot use public access on a private store. The store is configured with private access.
[photos] skip DSC00771-3 Subaru Forester, Cinofili Guardia di Finanza, Front Left.jpg Vercel Blob: Cannot use public access on a private store. The store is configured with private access.
[photos] skip Subaru Forester Wilderness Prototype.jpg Vercel Blob: Cannot use public access on a private store. The store is configured with private access.
[photos] skip 2015-2018 Subaru Forester XT.jpg Vercel Blob: Cannot use public access on a private store. The store is configured with private access.
- 2025 Subaru Forester (0)
[photos] skip 2016 Hyundai Elantra Sport in Scarlet Red Pearl, Rear Right, 05-21-2022.jpg Vercel Blob: Cannot use public access on a private store. The store is configured with private access.
[photos] skip 2016 Hyundai Elantra Sport in Scarlet Red Pearl, Front Right, 05-21-2022.jpg Vercel Blob: Cannot use public access on a private store. The store is configured with private access.
[photos] skip 2014 Hyundai Elantra (MD3) 1.6 Elite sedan, Singapore Police Force (2016-01-03).jpg Vercel Blob: Cannot use public access on a private store. The store is configured with private access.
[photos] skip 2016 Hyundai Elantra Facelift MD Fifth Gen China.jpg Vercel Blob: Cannot use public access on a private store. The store is configured with private access.
[photos] skip 2015 Hyundai ELANTRA (MD) and 2016 Kia k3 (YD) 2026-09-28.jpg Vercel Blob: Cannot use public access on a private store. The store is configured with private access.
[photos] skip HYUNDAI ELANTRA LANGDONG China.jpg Vercel Blob: Cannot use public access on a private store. The store is configured with private access.
[photos] skip HYUNDAI ELANTRA YUEDONG China.jpg Vercel Blob: Cannot use public access on a private store. The store is configured with private access.
[photos] skip HYUNDAI ELANTRA LANGDONG China (2).jpg Vercel Blob: Cannot use public access on a private store. The store is configured with private access.
[photos] skip HYUNDAI ELANTRA LANGDONG China (3).jpg Vercel Blob: Cannot use public access on a private store. The store is configured with private access.
[photos] skip HYUNDAI ELANTRA YUEDONG China (3).jpg Vercel Blob: Cannot use public access on a private store. The store is configured with private access.
- 2016 Hyundai Elantra (0)
[photos] skip 2019 Hyundai Elantra facelift front 1.21.19.jpg Vercel Blob: Cannot use public access on a private store. The store is configured with private access.
[photos] skip 2019 Hyundai Elantra facelift rear 1.21.19.jpg Vercel Blob: Cannot use public access on a private store. The store is configured with private access.
[photos] skip 2019 Hyundai Elantra Limited (AD facelift) rear NYIAS 2019.jpg Vercel Blob: Cannot use public access on a private store. The store is configured with private access.
[photos] skip 2019 Hyundai Elantra Limited (AD facelift) front NYIAS 2019.jpg Vercel Blob: Cannot use public access on a private store. The store is configured with private access.
[photos] skip 2019 Hyundai Elantra Sedan.jpg Vercel Blob: Cannot use public access on a private store. The store is configured with private access.
[photos] skip HYUNDAI ELANTRA LANGDONG China.jpg Vercel Blob: Cannot use public access on a private store. The store is configured with private access.
[photos] skip HYUNDAI ELANTRA YUEDONG China.jpg Vercel Blob: Cannot use public access on a private store. The store is configured with private access.
[photos] skip HYUNDAI ELANTRA LANGDONG China (2).jpg Vercel Blob: Cannot use public access on a private store. The store is configured with private access.
[photos] skip HYUNDAI ELANTRA LANGDONG China (3).jpg Vercel Blob: Cannot use public access on a private store. The store is configured with private access.
[photos] skip HYUNDAI ELANTRA YUEDONG China (3).jpg Vercel Blob: Cannot use public access on a private store. The store is configured with private access.
- 2019 Hyundai Elantra (0)
[photos] skip 2022 Hyundai Elantra N in Fiery Red, Rear Right, 04-18-2022.jpg Vercel Blob: Cannot use public access on a private store. The store is configured with private access.
[photos] skip 2018 Hyundai Elantra SE, front left, 12-01-2022.jpg Vercel Blob: Cannot use public access on a private store. The store is configured with private access.
[photos] skip 2022 Hyundai Elantra N in Fiery Red, Front Left, 04-18-2022.jpg Vercel Blob: Cannot use public access on a private store. The store is configured with private access.
[photos] skip Hyundai Elantra XD Shishi 02 2022-05-20.jpg Vercel Blob: Cannot use public access on a private store. The store is configured with private access.
[photos] skip Hyundai Elantra Langdong Facelift Shishi 02 2022-05-20.jpg Vercel Blob: Cannot use public access on a private store. The store is configured with private access.
[photos] skip HYUNDAI ELANTRA LANGDONG China.jpg Vercel Blob: Cannot use public access on a private store. The store is configured with private access.
[photos] skip HYUNDAI ELANTRA YUEDONG China.jpg Vercel Blob: Cannot use public access on a private store. The store is configured with private access.
[photos] skip HYUNDAI ELANTRA LANGDONG China (2).jpg Vercel Blob: Cannot use public access on a private store. The store is configured with private access.
[photos] skip HYUNDAI ELANTRA LANGDONG China (3).jpg Vercel Blob: Cannot use public access on a private store. The store is configured with private access.
[photos] skip HYUNDAI ELANTRA YUEDONG China (3).jpg Vercel Blob: Cannot use public access on a private store. The store is configured with private access.
- 2022 Hyundai Elantra (0)
[photos] skip Hyundai Sonata 2017 Side Front.jpg Vercel Blob: Cannot use public access on a private store. The store is configured with private access.
[photos] skip Hyundai Sonata 2017 Front.jpg Vercel Blob: Cannot use public access on a private store. The store is configured with private access.
[photos] skip Hyundai Sonata 2017 Limited Sedan Front.jpg Vercel Blob: Cannot use public access on a private store. The store is configured with private access.
[photos] skip Hyundai Sonata 2017 Sedans Front.jpg Vercel Blob: Cannot use public access on a private store. The store is configured with private access.
[photos] skip Hyundai Sonata 2017 Plug-In Hybrid Limited Sedan Front.jpg Vercel Blob: Cannot use public access on a private store. The store is configured with private access.
[photos] skip Hyundai Sonata in Basel.jpg Vercel Blob: Cannot use public access on a private store. The store is configured with private access.
[photos] skip HYUNDAI SONATA YF China.jpg Vercel Blob: Cannot use public access on a private store. The store is configured with private access.
[photos] skip HYUNDAI SONATA EF China.jpg Vercel Blob: Cannot use public access on a private store. The store is configured with private access.
[photos] skip HYUNDAI SONATA DN8 China.jpg Vercel Blob: Cannot use public access on a private store. The store is configured with private access.
[photos] skip HYUNDAI SONATA DN8 China (1).jpg Vercel Blob: Cannot use public access on a private store. The store is configured with private access.
- 2017 Hyundai Sonata (0)
[photos] skip 2020 Hyundai Sonata Limited 1.6T, front 1.21.20.jpg Vercel Blob: Cannot use public access on a private store. The store is configured with private access.
[photos] skip 2020 Hyundai Sonata SEL (Quartz White), front right.jpg Vercel Blob: Cannot use public access on a private store. The store is configured with private access.
[photos] skip 2020 Hyundai Sonata SEL (Quartz White), rear right.jpg Vercel Blob: Cannot use public access on a private store. The store is configured with private access.
[photos] skip 2020 Hyundai Sonata SE, front left, 12-08-2022.jpg Vercel Blob: Cannot use public access on a private store. The store is configured with private access.
[photos] skip 2020 Hyundai Sonata SE, front left.jpg Vercel Blob: Cannot use public access on a private store. The store is configured with private access.
[photos] skip Hyundai Sonata in Basel.jpg Vercel Blob: Cannot use public access on a private store. The store is configured with private access.
[photos] skip HYUNDAI SONATA YF China.jpg Vercel Blob: Cannot use public access on a private store. The store is configured with private access.
[photos] skip HYUNDAI SONATA EF China.jpg Vercel Blob: Cannot use public access on a private store. The store is configured with private access.
[photos] skip HYUNDAI SONATA DN8 China.jpg Vercel Blob: Cannot use public access on a private store. The store is configured with private access.
[photos] skip HYUNDAI SONATA DN8 China (1).jpg Vercel Blob: Cannot use public access on a private store. The store is configured with private access.
- 2020 Hyundai Sonata (0)
[photos] skip 2012 Hyundai Sonata Limited, front left, 05-09-2023.jpg Vercel Blob: Cannot use public access on a private store. The store is configured with private access.
[photos] skip 2012 Hyundai Sonata Limited, front left, 05-16-2023.jpg Vercel Blob: Cannot use public access on a private store. The store is configured with private access.
[photos] skip Hyundai Sonata in Basel.jpg Vercel Blob: Cannot use public access on a private store. The store is configured with private access.
[photos] skip HYUNDAI SONATA YF China.jpg Vercel Blob: Cannot use public access on a private store. The store is configured with private access.
[photos] skip HYUNDAI SONATA EF China.jpg Vercel Blob: Cannot use public access on a private store. The store is configured with private access.
[photos] skip HYUNDAI SONATA DN8 China.jpg Vercel Blob: Cannot use public access on a private store. The store is configured with private access.
[photos] skip HYUNDAI SONATA DN8 China (1).jpg Vercel Blob: Cannot use public access on a private store. The store is configured with private access.
- 2023 Hyundai Sonata (0)
[photos] skip Hyundai Tucson (TL) 2.0 GLS CRDi 2017 (1).jpg Vercel Blob: Cannot use public access on a private store. The store is configured with private access.
[photos] skip Hyundai Tucson (TL) 2.0 GLS CRDi 2017 (2).jpg Vercel Blob: Cannot use public access on a private store. The store is configured with private access.
[photos] skip Hyundai Tucson 1591cc registered May 2017 in Brecon.jpg Vercel Blob: Cannot use public access on a private store. The store is configured with private access.
[photos] skip Hyundai Tucson 1591cc registered September 2017.jpg Vercel Blob: Cannot use public access on a private store. The store is configured with private access.
[photos] skip 2017 Hyundai Tucson (TL) Active X wagon (2018-08-27) 01.jpg Vercel Blob: Cannot use public access on a private store. The store is configured with private access.
[photos] skip HYUNDAI TUCSON (TL) China.jpg Vercel Blob: Cannot use public access on a private store. The store is configured with private access.
[photos] skip HYUNDAI TUCSON (JM) China (3).jpg Vercel Blob: Cannot use public access on a private store. The store is configured with private access.
[photos] skip HYUNDAI TUCSON (TL) China (5).jpg Vercel Blob: Cannot use public access on a private store. The store is configured with private access.
[photos] skip HYUNDAI TUCSON (JM) China (4).jpg Vercel Blob: Cannot use public access on a private store. The store is configured with private access.
[photos] skip HYUNDAI TUCSON (TL) China (12).jpg Vercel Blob: Cannot use public access on a private store. The store is configured with private access.
- 2017 Hyundai Tucson (0)
[photos] skip 2018 Hyundai Tucson, Rear Left, 10-11-2020.jpg Vercel Blob: Cannot use public access on a private store. The store is configured with private access.
[photos] skip Hyundai Tucson TL Wien 26 July 2020 JM.jpg Vercel Blob: Cannot use public access on a private store. The store is configured with private access.
[photos] skip Hyundai Tucson 4x2 GLS Diesel 2020.jpg Vercel Blob: Cannot use public access on a private store. The store is configured with private access.
[photos] skip Hyundai Tucson 1.6 T-GDI 48V 4WD (2020 - 2022) (52060593664).jpg Vercel Blob: Cannot use public access on a private store. The store is configured with private access.
[photos] skip Hyundai Tucson TL Wien 26 July 2020 JM (cropped).jpg Vercel Blob: Cannot use public access on a private store. The store is configured with private access.
[photos] skip HYUNDAI TUCSON (TL) China.jpg Vercel Blob: Cannot use public access on a private store. The store is configured with private access.
[photos] skip HYUNDAI TUCSON (TL) China (2).jpg Vercel Blob: Cannot use public access on a private store. The store is configured with private access.
[photos] skip HYUNDAI TUCSON (JM) China (3).jpg Vercel Blob: Cannot use public access on a private store. The store is configured with private access.
[photos] skip HYUNDAI TUCSON (TL) China (5).jpg Vercel Blob: Cannot use public access on a private store. The store is configured with private access.
[photos] skip HYUNDAI TUCSON (JM) China (4).jpg Vercel Blob: Cannot use public access on a private store. The store is configured with private access.
- 2020 Hyundai Tucson (0)
[photos] skip HYUNDAI TUCSON (TL) China.jpg Vercel Blob: Cannot use public access on a private store. The store is configured with private access.
[photos] skip HYUNDAI TUCSON (JM) China (3).jpg Vercel Blob: Cannot use public access on a private store. The store is configured with private access.
[photos] skip HYUNDAI TUCSON (TL) China (5).jpg Vercel Blob: Cannot use public access on a private store. The store is configured with private access.
[photos] skip HYUNDAI TUCSON (JM) China (4).jpg Vercel Blob: Cannot use public access on a private store. The store is configured with private access.
[photos] skip HYUNDAI TUCSON (TL) China (12).jpg Vercel Blob: Cannot use public access on a private store. The store is configured with private access.
- 2023 Hyundai Tucson (0)
[photos] skip 2025 Hyundai Tucson XRT (United States) rear view.jpg Vercel Blob: Cannot use public access on a private store. The store is configured with private access.
[photos] skip 2025 Hyundai Tucson XRT (United States) front view.jpg Vercel Blob: Cannot use public access on a private store. The store is configured with private access.
[photos] skip Moscow, ugly sisters (Hyundai Tucson, Kia Sportage) Sept 2025 02.jpg Vercel Blob: Cannot use public access on a private store. The store is configured with private access.
[photos] skip Moscow, ugly sisters (Hyundai Tucson, Kia Sportage) Sept 2025 01.jpg Vercel Blob: Cannot use public access on a private store. The store is configured with private access.
[photos] skip 2025 Hyundai Tucson PHEV au salon auto Lanaudière 2025.jpg Vercel Blob: Cannot use public access on a private store. The store is configured with private access.
[photos] skip HYUNDAI TUCSON (TL) China.jpg Vercel Blob: Cannot use public access on a private store. The store is configured with private access.
[photos] skip HYUNDAI TUCSON (JM) China (3).jpg Vercel Blob: Cannot use public access on a private store. The store is configured with private access.
[photos] skip HYUNDAI TUCSON (TL) China (5).jpg Vercel Blob: Cannot use public access on a private store. The store is configured with private access.
[photos] skip HYUNDAI TUCSON (JM) China (4).jpg Vercel Blob: Cannot use public access on a private store. The store is configured with private access.
[photos] skip HYUNDAI TUCSON (TL) China (6).jpg Vercel Blob: Cannot use public access on a private store. The store is configured with private access.
- 2025 Hyundai Tucson (0)
[photos] skip 2016 Hyundai Santa-Fe (DM3 Series II) Elite CRDi wagon (2017-12-09) 02.jpg Vercel Blob: Cannot use public access on a private store. The store is configured with private access.
[photos] skip 2016 Hyundai Santa-Fe (DM3 Series II) Elite CRDi wagon (2017-12-09) 01.jpg Vercel Blob: Cannot use public access on a private store. The store is configured with private access.
[photos] skip 2016 Hyundai Santa Fe (DM3 Series II MY17) Highlander CRDi 4WD wagon (2017-07-15) 01.jpg Vercel Blob: Cannot use public access on a private store. The store is configured with private access.
[photos] skip Hyundai Grand Santa Fe 3.3 GLS 2016 (45523209872).jpg Vercel Blob: Cannot use public access on a private store. The store is configured with private access.
[photos] skip Hyundai Santa Fe GLS 2.2 CRDi 2016 (36119348563).jpg Vercel Blob: Cannot use public access on a private store. The store is configured with private access.
[photos] skip Hyundai Santa Fe, GIMS 2018, Le Grand-Saconnex (1X7A1735).jpg Vercel Blob: Cannot use public access on a private store. The store is configured with private access.
[photos] skip HYUNDAI SANTA FE (DM) China.jpg Vercel Blob: Cannot use public access on a private store. The store is configured with private access.
[photos] skip HYUNDAI SANTA FE (TM) China.jpg Vercel Blob: Cannot use public access on a private store. The store is configured with private access.
[photos] skip HYUNDAI SANTA FE (DM) China (2).jpg Vercel Blob: Cannot use public access on a private store. The store is configured with private access.
[photos] skip HYUNDAI SANTA FE (SM) China.jpg Vercel Blob: Cannot use public access on a private store. The store is configured with private access.
- 2016 Hyundai Santa Fe (0)
[photos] skip 2019 Hyundai Santa Fe front 1.21.19.jpg Vercel Blob: Cannot use public access on a private store. The store is configured with private access.
[photos] skip 2019 Hyundai Santa Fe rear 1.21.19.jpg Vercel Blob: Cannot use public access on a private store. The store is configured with private access.
[photos] skip 2019 Hyundai Santa Fe HTRAC Front.jpg Vercel Blob: Cannot use public access on a private store. The store is configured with private access.
[photos] skip 2019 Hyundai Santa Fe HTRAC Rear.jpg Vercel Blob: Cannot use public access on a private store. The store is configured with private access.
[photos] skip 2019 Hyundai Santa Fe front 4.2.18.jpg Vercel Blob: Cannot use public access on a private store. The store is configured with private access.
[photos] skip Hyundai Santa Fe, GIMS 2018, Le Grand-Saconnex (1X7A1735).jpg Vercel Blob: Cannot use public access on a private store. The store is configured with private access.
[photos] skip HYUNDAI SANTA FE (DM) China.jpg Vercel Blob: Cannot use public access on a private store. The store is configured with private access.
[photos] skip HYUNDAI SANTA FE (TM) China.jpg Vercel Blob: Cannot use public access on a private store. The store is configured with private access.
[photos] skip HYUNDAI SANTA FE (DM) China (2).jpg Vercel Blob: Cannot use public access on a private store. The store is configured with private access.
[photos] skip HYUNDAI SANTA FE (SM) China.jpg Vercel Blob: Cannot use public access on a private store. The store is configured with private access.
- 2019 Hyundai Santa Fe (0)
[photos] skip 2005 Hyundai Santa Fe GLS 4WD, front left, 09-10-2022.jpg Vercel Blob: Cannot use public access on a private store. The store is configured with private access.
[photos] skip 2022 Hyundai Santa Fe SEL AWD, front left, 03-24-2023.jpg Vercel Blob: Cannot use public access on a private store. The store is configured with private access.
[photos] skip Hyundai Santa Fe CM Shishi 02 2022-05-18.jpg Vercel Blob: Cannot use public access on a private store. The store is configured with private access.
[photos] skip Hyundai Santa Fe CM Shishi 01 2022-05-18.jpg Vercel Blob: Cannot use public access on a private store. The store is configured with private access.
[photos] skip Hyundai Santa Fe SM facelift Sanming 01 2022-11-20.jpg Vercel Blob: Cannot use public access on a private store. The store is configured with private access.
[photos] skip Hyundai Santa Fe, GIMS 2018, Le Grand-Saconnex (1X7A1735).jpg Vercel Blob: Cannot use public access on a private store. The store is configured with private access.
[photos] skip HYUNDAI SANTA FE (DM) China.jpg Vercel Blob: Cannot use public access on a private store. The store is configured with private access.
[photos] skip HYUNDAI SANTA FE (TM) China.jpg Vercel Blob: Cannot use public access on a private store. The store is configured with private access.
[photos] skip HYUNDAI SANTA FE (DM) China (2).jpg Vercel Blob: Cannot use public access on a private store. The store is configured with private access.
[photos] skip HYUNDAI SANTA FE (SM) China.jpg Vercel Blob: Cannot use public access on a private store. The store is configured with private access.
- 2022 Hyundai Santa Fe (0)
[photos] skip 2017 Kia Sportage LX AWD, Rear Right, 10-31-2021.jpg Vercel Blob: Cannot use public access on a private store. The store is configured with private access.
[photos] skip 2017 Kia Sportage LX AWD in Pacific Blue, Front Right, 05-10-2022.jpg Vercel Blob: Cannot use public access on a private store. The store is configured with private access.
[photos] skip 2017 Kia Sportage LX AWD, Front Right, 10-31-2021.jpg Vercel Blob: Cannot use public access on a private store. The store is configured with private access.
[photos] skip 2017 Kia Sportage LX AWD in Pacific Blue, Rear Left, 05-10-2022.jpg Vercel Blob: Cannot use public access on a private store. The store is configured with private access.
[photos] skip 2017 Kia Sportage (QL MY17) Si wagon (2017-11-18) 01.jpg Vercel Blob: Cannot use public access on a private store. The store is configured with private access.
[photos] skip 2007 Kia Sportage brown rear.jpg Vercel Blob: Cannot use public access on a private store. The store is configured with private access.
[photos] skip Kia Sportage Plug-in-Hybrid (NQ5) IAA 2021 1X7A0113.jpg Vercel Blob: Cannot use public access on a private store. The store is configured with private access.
[photos] skip Kia Sportage (NQ5) 1X7A0326.jpg Vercel Blob: Cannot use public access on a private store. The store is configured with private access.
[photos] skip Kia Sportage (NQ5) 1X7A0328.jpg Vercel Blob: Cannot use public access on a private store. The store is configured with private access.
[photos] skip Kia Sportage (NQ5) 1X7A0319.jpg Vercel Blob: Cannot use public access on a private store. The store is configured with private access.
- 2017 Kia Sportage (0)
[photos] skip 2020 Kia Sportage LX AWD in Clear White, rear right.jpg Vercel Blob: Cannot use public access on a private store. The store is configured with private access.
[photos] skip 2002 Kia Sportage, Front Left, 09-06-2020.jpg Vercel Blob: Cannot use public access on a private store. The store is configured with private access.
[photos] skip 2019 Kia Sportage EX, Front Left, 09-13-2020.jpg Vercel Blob: Cannot use public access on a private store. The store is configured with private access.
[photos] skip Kia Sportage 1.6 T-GDI (2020) (52099561993).jpg Vercel Blob: Cannot use public access on a private store. The store is configured with private access.
[photos] skip Kia Sportage LX 2.0 2020 (50201026622).jpg Vercel Blob: Cannot use public access on a private store. The store is configured with private access.
[photos] skip 2007 Kia Sportage brown rear.jpg Vercel Blob: Cannot use public access on a private store. The store is configured with private access.
[photos] skip Kia Sportage Plug-in-Hybrid (NQ5) IAA 2021 1X7A0113.jpg Vercel Blob: Cannot use public access on a private store. The store is configured with private access.
[photos] skip Kia Sportage (NQ5) 1X7A0326.jpg Vercel Blob: Cannot use public access on a private store. The store is configured with private access.
[photos] skip Kia Sportage (NQ5) 1X7A0328.jpg Vercel Blob: Cannot use public access on a private store. The store is configured with private access.
[photos] skip Kia Sportage (NQ5) 1X7A0319.jpg Vercel Blob: Cannot use public access on a private store. The store is configured with private access.
- 2020 Kia Sportage (0)
[photos] skip 2023 Kia Sportage X-Line AWD, front right, 12-08-2022.jpg Vercel Blob: Cannot use public access on a private store. The store is configured with private access.
[photos] skip 2023 Kia Sportage X-Line AWD, front right.jpg Vercel Blob: Cannot use public access on a private store. The store is configured with private access.
[photos] skip 2023 Kia Sportage (NQ5) in White, front left.jpg Vercel Blob: Cannot use public access on a private store. The store is configured with private access.
[photos] skip 2023 Kia Sportage (NQ5) in White, rear right.jpg Vercel Blob: Cannot use public access on a private store. The store is configured with private access.
[photos] skip 2023 Denver Auto Show Kia Sportage Hybrid SX-Prestige window sticker.jpg Vercel Blob: Cannot use public access on a private store. The store is configured with private access.
[photos] skip 2007 Kia Sportage brown rear.jpg Vercel Blob: Cannot use public access on a private store. The store is configured with private access.
[photos] skip Kia Sportage Plug-in-Hybrid (NQ5) IAA 2021 1X7A0113.jpg Vercel Blob: Cannot use public access on a private store. The store is configured with private access.
[photos] skip Kia Sportage (NQ5) 1X7A0326.jpg Vercel Blob: Cannot use public access on a private store. The store is configured with private access.
[photos] skip Kia Sportage (NQ5) 1X7A0328.jpg Vercel Blob: Cannot use public access on a private store. The store is configured with private access.
[photos] skip Kia Sportage (NQ5) 1X7A0319.jpg Vercel Blob: Cannot use public access on a private store. The store is configured with private access.
- 2023 Kia Sportage (0)
[photos] skip 2016 Kia Sorento (UM MY17) Si V6 AWD wagon (2017-11-18) 01.jpg Vercel Blob: Cannot use public access on a private store. The store is configured with private access.
[photos] skip 2016 Kia Sorento (UM MY17) Si V6 AWD wagon (2017-11-18) 02.jpg Vercel Blob: Cannot use public access on a private store. The store is configured with private access.
[photos] skip Kia Sorento EX 2.2 CRDi 2016 (43863892664).jpg Vercel Blob: Cannot use public access on a private store. The store is configured with private access.
[photos] skip 2016 Kia Sorento.jpg Vercel Blob: Cannot use public access on a private store. The store is configured with private access.
[photos] skip Kia Sorento EX 2016 (34075976851).jpg Vercel Blob: Cannot use public access on a private store. The store is configured with private access.
[photos] skip Kia Sorento – Rear (Silver).png Vercel Blob: Cannot use public access on a private store. The store is configured with private access.
[photos] skip Kia Sorento – Front (Silver).png Vercel Blob: Cannot use public access on a private store. The store is configured with private access.
[photos] skip KIA SORENTO (BL) China.jpg Vercel Blob: Cannot use public access on a private store. The store is configured with private access.
[photos] skip KIA SORENTO (XM) China.jpg Vercel Blob: Cannot use public access on a private store. The store is configured with private access.
[photos] skip KIA SORENTO (XM) China (4).jpg Vercel Blob: Cannot use public access on a private store. The store is configured with private access.
- 2016 Kia Sorento (0)
[photos] skip 2019 Kia Sorento au SIAM 2019.jpg Vercel Blob: Cannot use public access on a private store. The store is configured with private access.
[photos] skip 2019 Kia Sorento 2.4 SX (4).jpg Vercel Blob: Cannot use public access on a private store. The store is configured with private access.
[photos] skip 2019 Kia Sorento 2.4 SX (8).jpg Vercel Blob: Cannot use public access on a private store. The store is configured with private access.
[photos] skip 2019 Kia Sorento 2.4 SX (9).jpg Vercel Blob: Cannot use public access on a private store. The store is configured with private access.
[photos] skip 2019 Kia Sorento 2.4 SX (11).jpg Vercel Blob: Cannot use public access on a private store. The store is configured with private access.
[photos] skip Kia Sorento – Rear (Silver).png Vercel Blob: Cannot use public access on a private store. The store is configured with private access.
[photos] skip Kia Sorento – Front (Silver).png Vercel Blob: Cannot use public access on a private store. The store is configured with private access.
[photos] skip KIA SORENTO (BL) China.jpg Vercel Blob: Cannot use public access on a private store. The store is configured with private access.
[photos] skip KIA SORENTO (XM) China.jpg Vercel Blob: Cannot use public access on a private store. The store is configured with private access.
[photos] skip KIA SORENTO (XM) China (4).jpg Vercel Blob: Cannot use public access on a private store. The store is configured with private access.
- 2019 Kia Sorento (0)
[photos] skip 2017 Kia Sorento EX Turbo AWD in Sparkling Silver Metallic, Front Right, 05-22-2022.jpg Vercel Blob: Cannot use public access on a private store. The store is configured with private access.
[photos] skip 2012 Kia Sorento LX in Titanium Silver, Rear Right, 08-21-2022.jpg Vercel Blob: Cannot use public access on a private store. The store is configured with private access.
[photos] skip 2017 Kia Sorento EX Turbo AWD in Sparkling Silver Metallic, Rear Left, 08-20-2022.jpg Vercel Blob: Cannot use public access on a private store. The store is configured with private access.
[photos] skip 2012 Kia Sorento LX in Titanium Silver, Front Right, 08-21-2022.jpg Vercel Blob: Cannot use public access on a private store. The store is configured with private access.
[photos] skip KIA Sorento 2022 test drive car, Forsage car showroom, Saint Petersburg November 2022.jpg Vercel Blob: Cannot use public access on a private store. The store is configured with private access.
[photos] skip Kia Sorento – Rear (Silver).png Vercel Blob: Cannot use public access on a private store. The store is configured with private access.
[photos] skip Kia Sorento – Front (Silver).png Vercel Blob: Cannot use public access on a private store. The store is configured with private access.
[photos] skip KIA SORENTO (BL) China.jpg Vercel Blob: Cannot use public access on a private store. The store is configured with private access.
[photos] skip KIA SORENTO (XM) China.jpg Vercel Blob: Cannot use public access on a private store. The store is configured with private access.
[photos] skip KIA SORENTO (XM) China (4).jpg Vercel Blob: Cannot use public access on a private store. The store is configured with private access.
- 2022 Kia Sorento (0)
[photos] skip Moscow, Kia Sorento, Aug 2025 03.jpg Vercel Blob: Cannot use public access on a private store. The store is configured with private access.
[photos] skip Kia Sorento – Rear (Silver).png Vercel Blob: Cannot use public access on a private store. The store is configured with private access.
[photos] skip Kia Sorento – Front (Silver).png Vercel Blob: Cannot use public access on a private store. The store is configured with private access.
[photos] skip KIA SORENTO (BL) China.jpg Vercel Blob: Cannot use public access on a private store. The store is configured with private access.
[photos] skip KIA SORENTO (XM) China.jpg Vercel Blob: Cannot use public access on a private store. The store is configured with private access.
[photos] skip KIA SORENTO (XM) China (4).jpg Vercel Blob: Cannot use public access on a private store. The store is configured with private access.
- 2025 Kia Sorento (0)
[photos] skip 2016 Kia Optima SI front.jpg Vercel Blob: Cannot use public access on a private store. The store is configured with private access.
[photos] skip 2016 Kia Optima SI rear.jpg Vercel Blob: Cannot use public access on a private store. The store is configured with private access.
[photos] skip 2016 Kia Optima LX Plus in Snow White Pearl, front left, 2024-09-06.jpg Vercel Blob: Cannot use public access on a private store. The store is configured with private access.
[photos] skip 2016 Kia Optima LX Plus in Snow White Pearl, rear left, 2024-09-06.jpg Vercel Blob: Cannot use public access on a private store. The store is configured with private access.
[photos] skip Kia optima IV 2016 GT Line.jpg Vercel Blob: Cannot use public access on a private store. The store is configured with private access.
[photos] skip 2018 Kia Optima GT blue front.jpg Vercel Blob: Cannot use public access on a private store. The store is configured with private access.
[photos] skip 2018 Kia Optima GT blue rear.jpg Vercel Blob: Cannot use public access on a private store. The store is configured with private access.
[photos] skip 2018 Kia Optima 2 CRDi ISG 1.6 facelift Front.jpg Vercel Blob: Cannot use public access on a private store. The store is configured with private access.
[photos] skip 2018 Kia Optima S rear.jpg Vercel Blob: Cannot use public access on a private store. The store is configured with private access.
[photos] skip 2018 Kia Optima S front.jpg Vercel Blob: Cannot use public access on a private store. The store is configured with private access.
- 2016 Kia Optima (0)
[photos] skip 2019 Kia Optima Edition Plus rear.jpg Vercel Blob: Cannot use public access on a private store. The store is configured with private access.
[photos] skip 2019 Kia Optima UEFA Europa League white front.jpg Vercel Blob: Cannot use public access on a private store. The store is configured with private access.
[photos] skip 2019 Kia Optima UEFA Europa League white rear.jpg Vercel Blob: Cannot use public access on a private store. The store is configured with private access.
[photos] skip 2019 Kia Optima S (facelift), rear 10.27.21.jpg Vercel Blob: Cannot use public access on a private store. The store is configured with private access.
[photos] skip 2019 Kia Optima Sportswagon 3 CRDi ISG S-A facelift 1.6.jpg Vercel Blob: Cannot use public access on a private store. The store is configured with private access.
[photos] skip 2018 Kia Optima GT blue front.jpg Vercel Blob: Cannot use public access on a private store. The store is configured with private access.
[photos] skip 2018 Kia Optima GT blue rear.jpg Vercel Blob: Cannot use public access on a private store. The store is configured with private access.
[photos] skip 2018 Kia Optima 2 CRDi ISG 1.6 facelift Front.jpg Vercel Blob: Cannot use public access on a private store. The store is configured with private access.
[photos] skip 2018 Kia Optima S rear.jpg Vercel Blob: Cannot use public access on a private store. The store is configured with private access.
[photos] skip 2018 Kia Optima S front.jpg Vercel Blob: Cannot use public access on a private store. The store is configured with private access.
- 2019 Kia Optima (0)
[photos] skip 2017 Kia Rio 2 1.3 Front.jpg Vercel Blob: Cannot use public access on a private store. The store is configured with private access.
[photos] skip 2017 Kia Rio 2 1.3 Rear.jpg Vercel Blob: Cannot use public access on a private store. The store is configured with private access.
[photos] skip 2017 Kia Rio (YB) S 5-door hatchback (2017-07-15) 02.jpg Vercel Blob: Cannot use public access on a private store. The store is configured with private access.
[photos] skip 2017 Kia Rio (YB) S 5-door hatchback (2017-07-15) 01.jpg Vercel Blob: Cannot use public access on a private store. The store is configured with private access.
[photos] skip 2017 Kia Rio (UB) S 3-door hatchback (2018-11-26).jpg Vercel Blob: Cannot use public access on a private store. The store is configured with private access.
[photos] skip 2016 Kia Rio Red Line white rear.jpg Vercel Blob: Cannot use public access on a private store. The store is configured with private access.
[photos] skip 2013 Kia Rio LX 5-door, rear right, 04-04-2023.jpg Vercel Blob: Cannot use public access on a private store. The store is configured with private access.
[photos] skip 2013 Kia Rio LX 5-door, front right, 04-04-2023.jpg Vercel Blob: Cannot use public access on a private store. The store is configured with private access.
[photos] skip 2017 Kia Rio 2 1.3 Front.jpg Vercel Blob: Cannot use public access on a private store. The store is configured with private access.
[photos] skip Kia Rio (YB,SC; 2020) rear.jpg Vercel Blob: Cannot use public access on a private store. The store is configured with private access.
- 2017 Kia Rio (0)
[photos] skip Kia Rio (YB,SC; 2020) rear.jpg Vercel Blob: Cannot use public access on a private store. The store is configured with private access.
[photos] skip 2019 Kia Rio EX, Front Right, 09-06-2020.jpg Vercel Blob: Cannot use public access on a private store. The store is configured with private access.
[photos] skip Kia Rio (YB,SC; 2020) 01.jpg Vercel Blob: Cannot use public access on a private store. The store is configured with private access.
[photos] skip Kia Rio FL 2020 Russian.jpg Vercel Blob: Cannot use public access on a private store. The store is configured with private access.
[photos] skip Kia Rio FL 2020 Russian (cropped).jpg Vercel Blob: Cannot use public access on a private store. The store is configured with private access.
[photos] skip 2016 Kia Rio Red Line white rear.jpg Vercel Blob: Cannot use public access on a private store. The store is configured with private access.
[photos] skip 2013 Kia Rio LX 5-door, rear right, 04-04-2023.jpg terminated
[photos] skip 2013 Kia Rio LX 5-door, front right, 04-04-2023.jpg Vercel Blob: Cannot use public access on a private store. The store is configured with private access.
[photos] skip 2017 Kia Rio 2 1.3 Front.jpg Vercel Blob: Cannot use public access on a private store. The store is configured with private access.
[photos] skip Kia Rio (YB,SC; 2020) rear.jpg Vercel Blob: Cannot use public access on a private store. The store is configured with private access.
- 2020 Kia Rio (0)
[photos] skip 2023 KIA Rio 2 DPi - 1197cc 1.2 (84PS) Petrol - Clear White - 05-2024, Front.jpg Vercel Blob: Cannot use public access on a private store. The store is configured with private access.
[photos] skip 2023 Kia Rio LX Premium in Sporty Blue, Rear Right, 10-09-2023.jpg Vercel Blob: Cannot use public access on a private store. The store is configured with private access.
[photos] skip 2023 Kia Rio LX Premium in Sporty Blue, Rear Right.jpg Vercel Blob: Cannot use public access on a private store. The store is configured with private access.
[photos] skip 2013 Kia Rio LX 5-door, rear right, 04-04-2023.jpg Vercel Blob: Cannot use public access on a private store. The store is configured with private access.
[photos] skip 2023 Kia Rio LX Premium in Sporty Blue, Front Right, 10-09-2023.jpg Vercel Blob: Cannot use public access on a private store. The store is configured with private access.
[photos] skip 2016 Kia Rio Red Line white rear.jpg Vercel Blob: Cannot use public access on a private store. The store is configured with private access.
[photos] skip 2013 Kia Rio LX 5-door, rear right, 04-04-2023.jpg Vercel Blob: Cannot use public access on a private store. The store is configured with private access.
[photos] skip 2013 Kia Rio LX 5-door, front right, 04-04-2023.jpg Vercel Blob: Cannot use public access on a private store. The store is configured with private access.
[photos] skip 2017 Kia Rio 2 1.3 Front.jpg Vercel Blob: Cannot use public access on a private store. The store is configured with private access.
[photos] skip Kia Rio (YB,SC; 2020) rear.jpg Vercel Blob: Cannot use public access on a private store. The store is configured with private access.
- 2023 Kia Rio (0)
[photos] skip 21 Mercedes-Benz C300 Base.jpg Vercel Blob: Cannot use public access on a private store. The store is configured with private access.
[photos] skip 20 Mercedes-Benz C300 Cabriolet 4Matic.jpg Vercel Blob: Cannot use public access on a private store. The store is configured with private access.
[photos] skip 2008 Mercedes-Benz C300 4MATIC Sport Sedan, 07-29-2022.jpg Vercel Blob: Cannot use public access on a private store. The store is configured with private access.
[photos] skip Mercedes-Benz C300 (W204) Washington DC Metro Area, USA.jpg Vercel Blob: Cannot use public access on a private store. The store is configured with private access.
[photos] skip Mercedes-Benz C300 (W205) Washington DC Metro Area, USA.jpg Vercel Blob: Cannot use public access on a private store. The store is configured with private access.
- 2016 Mercedes-Benz C300 (0)
[photos] skip 2018 Mercedes-Benz C300 Cabriolet-rear.jpg Vercel Blob: Cannot use public access on a private store. The store is configured with private access.
[photos] skip 2018 Mercedes-Benz C300 4Matic in Black, front right.jpg Vercel Blob: Cannot use public access on a private store. The store is configured with private access.
[photos] skip 2018 Mercedes-Benz C300 Cabriolet-front.jpg Vercel Blob: Cannot use public access on a private store. The store is configured with private access.
[photos] skip 21 Mercedes-Benz C300 Base.jpg Vercel Blob: Cannot use public access on a private store. The store is configured with private access.
[photos] skip 20 Mercedes-Benz C300 Cabriolet 4Matic.jpg Vercel Blob: Cannot use public access on a private store. The store is configured with private access.
[photos] skip 2008 Mercedes-Benz C300 4MATIC Sport Sedan, 07-29-2022.jpg Vercel Blob: Cannot use public access on a private store. The store is configured with private access.
[photos] skip Mercedes-Benz C300 (W204) Washington DC Metro Area, USA.jpg Vercel Blob: Cannot use public access on a private store. The store is configured with private access.
[photos] skip Mercedes-Benz C300 (W205) Washington DC Metro Area, USA.jpg Vercel Blob: Cannot use public access on a private store. The store is configured with private access.
- 2018 Mercedes-Benz C300 (0)
[photos] skip 21 Mercedes-Benz C300 Base.jpg Vercel Blob: Cannot use public access on a private store. The store is configured with private access.
[photos] skip 20 Mercedes-Benz C300 Cabriolet 4Matic.jpg Vercel Blob: Cannot use public access on a private store. The store is configured with private access.
[photos] skip 2008 Mercedes-Benz C300 4MATIC Sport Sedan, 07-29-2022.jpg Vercel Blob: Cannot use public access on a private store. The store is configured with private access.
[photos] skip Mercedes-Benz C300 (W204) Washington DC Metro Area, USA.jpg Vercel Blob: Cannot use public access on a private store. The store is configured with private access.
[photos] skip Mercedes-Benz C300 (W205) Washington DC Metro Area, USA.jpg Vercel Blob: Cannot use public access on a private store. The store is configured with private access.
- 2021 Mercedes-Benz C300 (0)
[photos] skip 21 Mercedes-Benz C300 Base.jpg Vercel Blob: Cannot use public access on a private store. The store is configured with private access.
[photos] skip 20 Mercedes-Benz C300 Cabriolet 4Matic.jpg Vercel Blob: Cannot use public access on a private store. The store is configured with private access.
[photos] skip 2008 Mercedes-Benz C300 4MATIC Sport Sedan, 07-29-2022.jpg Vercel Blob: Cannot use public access on a private store. The store is configured with private access.
[photos] skip Mercedes-Benz C300 (W204) Washington DC Metro Area, USA.jpg Vercel Blob: Cannot use public access on a private store. The store is configured with private access.
[photos] skip Mercedes-Benz C300 (W205) Washington DC Metro Area, USA.jpg Vercel Blob: Cannot use public access on a private store. The store is configured with private access.
- 2023 Mercedes-Benz C300 (0)
[photos] skip 21 Mercedes-Benz C300 Base.jpg Vercel Blob: Cannot use public access on a private store. The store is configured with private access.
[photos] skip 20 Mercedes-Benz C300 Cabriolet 4Matic.jpg Vercel Blob: Cannot use public access on a private store. The store is configured with private access.
[photos] skip 2008 Mercedes-Benz C300 4MATIC Sport Sedan, 07-29-2022.jpg Vercel Blob: Cannot use public access on a private store. The store is configured with private access.
[photos] skip Mercedes-Benz C300 (W204) Washington DC Metro Area, USA.jpg Vercel Blob: Cannot use public access on a private store. The store is configured with private access.
[photos] skip Mercedes-Benz C300 (W205) Washington DC Metro Area, USA.jpg Vercel Blob: Cannot use public access on a private store. The store is configured with private access.
- 2025 Mercedes-Benz C300 (0)
[photos] skip Mercedes-Benz E350 4Matic station wagon Main Street downtown Stowe VT November 2017 rear.jpg Vercel Blob: Cannot use public access on a private store. The store is configured with private access.
[photos] skip 14 Mercedes-Benz E350 Luxury.jpg Vercel Blob: Cannot use public access on a private store. The store is configured with private access.
[photos] skip Mercedes-Benz E350 (W212) Washington DC Metro Area, USA (9).jpg Vercel Blob: Cannot use public access on a private store. The store is configured with private access.
[photos] skip Mercedes-Benz E350 (W212) Washington DC Metro Area, USA (14).jpg Vercel Blob: Cannot use public access on a private store. The store is configured with private access.
[photos] skip Mercedes-Benz E350 (W211) Washington DC Metro Area, USA (7).jpg Vercel Blob: Cannot use public access on a private store. The store is configured with private access.
- 2015 Mercedes-Benz E350 (0)
[photos] skip Mercedes-Benz E350 4Matic station wagon Main Street downtown Stowe VT November 2017 rear.jpg Vercel Blob: Cannot use public access on a private store. The store is configured with private access.
[photos] skip 14 Mercedes-Benz E350 Luxury.jpg Vercel Blob: Cannot use public access on a private store. The store is configured with private access.
[photos] skip Mercedes-Benz E350 (W212) Washington DC Metro Area, USA (8).jpg Vercel Blob: Cannot use public access on a private store. The store is configured with private access.
[photos] skip Mercedes-Benz E350 (W212) Washington DC Metro Area, USA (9).jpg Vercel Blob: Cannot use public access on a private store. The store is configured with private access.
[photos] skip Mercedes-Benz E350 (W213) Washington DC Metro Area, USA (3).jpg Vercel Blob: Cannot use public access on a private store. The store is configured with private access.
- 2018 Mercedes-Benz E350 (0)
[photos] skip Mercedes-Benz E350 4Matic station wagon Main Street downtown Stowe VT November 2017 rear.jpg Vercel Blob: Cannot use public access on a private store. The store is configured with private access.
[photos] skip 14 Mercedes-Benz E350 Luxury.jpg Vercel Blob: Cannot use public access on a private store. The store is configured with private access.
[photos] skip Mercedes-Benz E350 (W212) Washington DC Metro Area, USA (8).jpg Vercel Blob: Cannot use public access on a private store. The store is configured with private access.
[photos] skip Mercedes-Benz E350 (W212) Washington DC Metro Area, USA (14).jpg Vercel Blob: Cannot use public access on a private store. The store is configured with private access.
[photos] skip Mercedes-Benz E350 (W211) Washington DC Metro Area, USA (7).jpg Vercel Blob: Cannot use public access on a private store. The store is configured with private access.
- 2021 Mercedes-Benz E350 (0)
[photos] skip Mercedes-Benz GLE 350 d 4MATIC Coupé (C292, 2016) (54857666436).jpg Vercel Blob: Cannot use public access on a private store. The store is configured with private access.
[photos] skip Mercedes-Benz GLE 350 d 4MATIC Coupé (C292, 2016) (54807000266).jpg Vercel Blob: Cannot use public access on a private store. The store is configured with private access.
[photos] skip 2016 Mercedes-Benz GLE 350 d (W 166) wagon (2016-03-05) 03.jpg Vercel Blob: Cannot use public access on a private store. The store is configured with private access.
[photos] skip Mercedes-Benz GLE-Klasse Coupé (C292) GLE 350 d 4MATIC (2016) (52099771374).jpg Vercel Blob: Cannot use public access on a private store. The store is configured with private access.
[photos] skip 2016 Mercedes-Benz GLE 350 d (W 166) wagon (2016-03-05) 01.jpg Vercel Blob: Cannot use public access on a private store. The store is configured with private access.
[photos] skip 2026 Mercedes-Benz GLE 350 4MATIC, front left, 08-15-2026.jpg Vercel Blob: Cannot use public access on a private store. The store is configured with private access.
[photos] skip 2020 Mercedes-Benz GLE 350 4Matic rear NYIAS 2019.jpg Vercel Blob: Cannot use public access on a private store. The store is configured with private access.
[photos] skip 2020 Mercedes-Benz GLE 350 4Matic front 6.16.19.jpg Vercel Blob: Cannot use public access on a private store. The store is configured with private access.
[photos] skip 2020 Mercedes-Benz GLE 350 4Matic rear 6.16.19.jpg Vercel Blob: Cannot use public access on a private store. The store is configured with private access.
[photos] skip Mercedes-Benz GLE 350 d Sports (W166) rear.JPG Vercel Blob: Cannot use public access on a private store. The store is configured with private access.
- 2016 Mercedes-Benz GLE 350 (0)
[photos] skip 2020 Mercedes-Benz GLE 350 4Matic rear NYIAS 2019.jpg Vercel Blob: Cannot use public access on a private store. The store is configured with private access.
[photos] skip Mercedes-Benz GLE-Klasse Coupé (C292) GLE 350 d 4MATIC (2019) (52173170266).jpg Vercel Blob: Cannot use public access on a private store. The store is configured with private access.
[photos] skip 2026 Mercedes-Benz GLE 350 4MATIC, front left, 08-15-2026.jpg Vercel Blob: Cannot use public access on a private store. The store is configured with private access.
[photos] skip 2020 Mercedes-Benz GLE 350 4Matic rear NYIAS 2019.jpg Vercel Blob: Cannot use public access on a private store. The store is configured with private access.
[photos] skip 2020 Mercedes-Benz GLE 350 4Matic front 6.16.19.jpg Vercel Blob: Cannot use public access on a private store. The store is configured with private access.
[photos] skip 2020 Mercedes-Benz GLE 350 4Matic rear 6.16.19.jpg Vercel Blob: Cannot use public access on a private store. The store is configured with private access.
[photos] skip Mercedes-Benz GLE 350 d Sports (W166) rear.JPG Vercel Blob: Cannot use public access on a private store. The store is configured with private access.
- 2019 Mercedes-Benz GLE 350 (0)
[photos] skip Mercedes-Benz GLE-Klasse Coupé (C167) GLE 350 e 4MATIC Coupé (2022) (53473511791).jpg Vercel Blob: Cannot use public access on a private store. The store is configured with private access.
[photos] skip Mercedes-Benz GLE-Klasse Coupé (C167) GLE 350 e 4MATIC Coupé (2022) (53549216899).jpg Vercel Blob: Cannot use public access on a private store. The store is configured with private access.
[photos] skip 2026 Mercedes-Benz GLE 350 4MATIC, front left, 08-15-2026.jpg Vercel Blob: Cannot use public access on a private store. The store is configured with private access.
[photos] skip 2020 Mercedes-Benz GLE 350 4Matic rear NYIAS 2019.jpg Vercel Blob: Cannot use public access on a private store. The store is configured with private access.
[photos] skip 2020 Mercedes-Benz GLE 350 4Matic front 6.16.19.jpg Vercel Blob: Cannot use public access on a private store. The store is configured with private access.
[photos] skip 2020 Mercedes-Benz GLE 350 4Matic rear 6.16.19.jpg Vercel Blob: Cannot use public access on a private store. The store is configured with private access.
[photos] skip Mercedes-Benz GLE 350 d Sports (W166) rear.JPG Vercel Blob: Cannot use public access on a private store. The store is configured with private access.
- 2022 Mercedes-Benz GLE 350 (0)
[photos] skip 2016 Mercedes-Benz GLA 250 (X 156) 4MATIC wagon (2016-03-05) 03.jpg Vercel Blob: Cannot use public access on a private store. The store is configured with private access.
[photos] skip 2016 Mercedes-Benz GLA 250 (X 156) 4MATIC wagon (2016-03-05) 02.jpg Vercel Blob: Cannot use public access on a private store. The store is configured with private access.
[photos] skip 2016 Mercedes-Benz GLA 250 (X 156) 4MATIC wagon (2016-03-05) 01.jpg Vercel Blob: Cannot use public access on a private store. The store is configured with private access.
[photos] skip Mercedes-Benz GLA 250 e Plug-in-Hybrid (side) an der E-Tankstelle Museum der Westlausitz Kamenz.jpg Vercel Blob: Cannot use public access on a private store. The store is configured with private access.
[photos] skip Mercedes Benz GLA 250 e Plug-in-Hybrid (front) an der E-Tankstelle Museum der Westlausitz Kamenz.jpg Vercel Blob: Cannot use public access on a private store. The store is configured with private access.
[photos] skip 2025 Mercedes-Benz GLA 250 4Matic in Mountain Grey Metallic, rear left.jpg Vercel Blob: Cannot use public access on a private store. The store is configured with private access.
[photos] skip 2025 Mercedes-Benz GLA 250 4Matic in Mountain Grey Metallic, front left.jpg Vercel Blob: Cannot use public access on a private store. The store is configured with private access.
[photos] skip 2018 Mercedes-Benz GLA 250, front right, 07-09-2023.jpg Vercel Blob: Cannot use public access on a private store. The store is configured with private access.
- 2016 Mercedes-Benz GLA 250 (0)
[photos] skip Mercedes-Benz GLA 250 e Plug-in-Hybrid (side) an der E-Tankstelle Museum der Westlausitz Kamenz.jpg Vercel Blob: Cannot use public access on a private store. The store is configured with private access.
[photos] skip Mercedes Benz GLA 250 e Plug-in-Hybrid (front) an der E-Tankstelle Museum der Westlausitz Kamenz.jpg Vercel Blob: Cannot use public access on a private store. The store is configured with private access.
[photos] skip 2025 Mercedes-Benz GLA 250 4Matic in Mountain Grey Metallic, rear left.jpg Vercel Blob: Cannot use public access on a private store. The store is configured with private access.
[photos] skip 2025 Mercedes-Benz GLA 250 4Matic in Mountain Grey Metallic, front left.jpg Vercel Blob: Cannot use public access on a private store. The store is configured with private access.
[photos] skip 2018 Mercedes-Benz GLA 250, front right, 07-09-2023.jpg Vercel Blob: Cannot use public access on a private store. The store is configured with private access.
- 2019 Mercedes-Benz GLA 250 (0)
[photos] skip Mercedes-Benz GLA-Klasse (H247) GLA 250 e (2022) (52922501270).jpg Vercel Blob: Cannot use public access on a private store. The store is configured with private access.
[photos] skip Mercedes-Benz GLA 250 e Plug-in-Hybrid (side) an der E-Tankstelle Museum der Westlausitz Kamenz.jpg Vercel Blob: Cannot use public access on a private store. The store is configured with private access.
[photos] skip Mercedes Benz GLA 250 e Plug-in-Hybrid (front) an der E-Tankstelle Museum der Westlausitz Kamenz.jpg Vercel Blob: Cannot use public access on a private store. The store is configured with private access.
[photos] skip 2025 Mercedes-Benz GLA 250 4Matic in Mountain Grey Metallic, rear left.jpg Vercel Blob: Cannot use public access on a private store. The store is configured with private access.
[photos] skip 2025 Mercedes-Benz GLA 250 4Matic in Mountain Grey Metallic, front left.jpg Vercel Blob: Cannot use public access on a private store. The store is configured with private access.
[photos] skip 2018 Mercedes-Benz GLA 250, front right, 07-09-2023.jpg Vercel Blob: Cannot use public access on a private store. The store is configured with private access.
- 2022 Mercedes-Benz GLA 250 (0)
[photos] skip 2025 Mercedes-Benz GLA 250 4Matic in Mountain Grey Metallic, rear left.jpg Vercel Blob: Cannot use public access on a private store. The store is configured with private access.
[photos] skip 2025 Mercedes-Benz GLA 250 4Matic in Mountain Grey Metallic, front left.jpg Vercel Blob: Cannot use public access on a private store. The store is configured with private access.
[photos] skip Mercedes-Benz GLA 250 e (H247, 2025) (54740341371).jpg Vercel Blob: Cannot use public access on a private store. The store is configured with private access.
[photos] skip Mercedes-Benz GLA 250 e Plug-in-Hybrid (side) an der E-Tankstelle Museum der Westlausitz Kamenz.jpg Vercel Blob: Cannot use public access on a private store. The store is configured with private access.
[photos] skip Mercedes Benz GLA 250 e Plug-in-Hybrid (front) an der E-Tankstelle Museum der Westlausitz Kamenz.jpg Vercel Blob: Cannot use public access on a private store. The store is configured with private access.
[photos] skip 2025 Mercedes-Benz GLA 250 4Matic in Mountain Grey Metallic, rear left.jpg Vercel Blob: Cannot use public access on a private store. The store is configured with private access.
[photos] skip 2025 Mercedes-Benz GLA 250 4Matic in Mountain Grey Metallic, front left.jpg Vercel Blob: Cannot use public access on a private store. The store is configured with private access.
[photos] skip 2018 Mercedes-Benz GLA 250, front right, 07-09-2023.jpg Vercel Blob: Cannot use public access on a private store. The store is configured with private access.
- 2025 Mercedes-Benz GLA 250 (0)
[photos] skip Mercedes-Benz G63 AMG 6×6 (W463) rear.JPG Vercel Blob: Cannot use public access on a private store. The store is configured with private access.
[photos] skip Mercedes Benz G63 AMG Long rear.JPG Vercel Blob: Cannot use public access on a private store. The store is configured with private access.
[photos] skip The rearview of Mercedes-Benz G63 AMG 6×6 (W463).JPG Vercel Blob: Cannot use public access on a private store. The store is configured with private access.
[photos] skip Mercedes-Benz G63 AMG long (W463) front.JPG Vercel Blob: Cannot use public access on a private store. The store is configured with private access.
[photos] skip Mercedes-Benz G63 AMG 6×6 (W463) front.JPG Vercel Blob: Cannot use public access on a private store. The store is configured with private access.
- 2019 Mercedes-Benz G63 AMG (0)
[photos] skip Mercedes-Benz G63 AMG 6×6 (W463) rear.JPG Vercel Blob: Cannot use public access on a private store. The store is configured with private access.
[photos] skip Mercedes Benz G63 AMG Long rear.JPG Vercel Blob: Cannot use public access on a private store. The store is configured with private access.
[photos] skip The rearview of Mercedes-Benz G63 AMG 6×6 (W463).JPG Vercel Blob: Cannot use public access on a private store. The store is configured with private access.
[photos] skip Mercedes-Benz G63 AMG long (W463) front.JPG Vercel Blob: Cannot use public access on a private store. The store is configured with private access.
[photos] skip Mercedes-Benz G63 AMG 6×6 (W463) front.JPG Vercel Blob: Cannot use public access on a private store. The store is configured with private access.
- 2022 Mercedes-Benz G63 AMG (0)
[photos] skip 2016 BMW 320i (F30 LCI Indonesia) looking from back left side.jpg Vercel Blob: Cannot use public access on a private store. The store is configured with private access.
[photos] skip 2016 BMW 320i (F30 LCI Indonesia) looking from front.jpg Vercel Blob: Cannot use public access on a private store. The store is configured with private access.
[photos] skip 2016 BMW 320i xDrive Sedan in Melbourne Red Metallic, rear left, 2021-11-21.jpg Vercel Blob: Cannot use public access on a private store. The store is configured with private access.
[photos] skip 2016 BMW 320i xDrive Sedan in Melbourne Red Metallic, front right, 2021-11-21.jpg Vercel Blob: Cannot use public access on a private store. The store is configured with private access.
[photos] skip 2016 BMW 320i xDrive Sedan, front left, 07-15-2026.jpg Vercel Blob: Cannot use public access on a private store. The store is configured with private access.
[photos] skip BMW 320i (F30) China.jpg Vercel Blob: Cannot use public access on a private store. The store is configured with private access.
[photos] skip 1987 BMW 320i Rally Car.jpg Vercel Blob: Cannot use public access on a private store. The store is configured with private access.
[photos] skip 2013 BMW 320i sedan, 3.13.20.jpg Vercel Blob: Cannot use public access on a private store. The store is configured with private access.
[photos] skip BMW 320i (F30) Washington DC Metro Area, USA (1).jpg Vercel Blob: Cannot use public access on a private store. The store is configured with private access.
[photos] skip 1989 BMW 320i Convertible.jpg Vercel Blob: Cannot use public access on a private store. The store is configured with private access.
- 2016 BMW 320i (0)
[photos] skip BMW 3-Series Touring (G21) 320i (2019) (52915543930).jpg Vercel Blob: Cannot use public access on a private store. The store is configured with private access.
[photos] skip BMW 320i Cabrio 1992 at Legendy 2019 in Prague.jpg Vercel Blob: Cannot use public access on a private store. The store is configured with private access.
[photos] skip BMW 320i Cabrio at Legendy 2019 in Prague.jpg Vercel Blob: Cannot use public access on a private store. The store is configured with private access.
[photos] skip Osaka Auto Messe 2019 (14) - BMW 320i GranTurismo (F34) tuned by IDEAL JPN.jpg Vercel Blob: Cannot use public access on a private store. The store is configured with private access.
[photos] skip Osaka Auto Messe 2019 (13) - BMW 320i GranTurismo (F34) tuned by IDEAL JPN.jpg Vercel Blob: Cannot use public access on a private store. The store is configured with private access.
[photos] skip BMW 320i (F30) China.jpg Vercel Blob: Cannot use public access on a private store. The store is configured with private access.
[photos] skip 1987 BMW 320i Rally Car.jpg Vercel Blob: Cannot use public access on a private store. The store is configured with private access.
[photos] skip 2013 BMW 320i sedan, 3.13.20.jpg Vercel Blob: Cannot use public access on a private store. The store is configured with private access.
[photos] skip BMW 320i (F30) Washington DC Metro Area, USA (1).jpg Vercel Blob: Cannot use public access on a private store. The store is configured with private access.
[photos] skip 1989 BMW 320i Convertible.jpg Vercel Blob: Cannot use public access on a private store. The store is configured with private access.
- 2019 BMW 320i (0)
[photos] skip BMW 3-Series Touring (G21) 320i (2022) (53463745312).jpg Vercel Blob: Cannot use public access on a private store. The store is configured with private access.
[photos] skip BMW 320i (F30) China.jpg Vercel Blob: Cannot use public access on a private store. The store is configured with private access.
[photos] skip 1987 BMW 320i Rally Car.jpg Vercel Blob: Cannot use public access on a private store. The store is configured with private access.
[photos] skip 2013 BMW 320i sedan, 3.13.20.jpg Vercel Blob: Cannot use public access on a private store. The store is configured with private access.
[photos] skip BMW 320i (F30) Washington DC Metro Area, USA (1).jpg Vercel Blob: Cannot use public access on a private store. The store is configured with private access.
[photos] skip 1989 BMW 320i Convertible.jpg Vercel Blob: Cannot use public access on a private store. The store is configured with private access.
- 2022 BMW 320i (0)
[photos] skip 1997 BMW 530i 2017.1.22.jpg Vercel Blob: Cannot use public access on a private store. The store is configured with private access.
[photos] skip BMW 530i (G30) China.jpg Vercel Blob: Cannot use public access on a private store. The store is configured with private access.
[photos] skip BMW 530i (G30) China (2).jpg Vercel Blob: Cannot use public access on a private store. The store is configured with private access.
[photos] skip BMW 530i (G30) China (3).jpg Vercel Blob: Cannot use public access on a private store. The store is configured with private access.
[photos] skip BMW 530i (G30) China (5).jpg Vercel Blob: Cannot use public access on a private store. The store is configured with private access.
[photos] skip BMW 530i (G30) China (4).jpg Vercel Blob: Cannot use public access on a private store. The store is configured with private access.
- 2017 BMW 530i (0)
[photos] skip BMW 530i (G30) China.jpg Vercel Blob: Cannot use public access on a private store. The store is configured with private access.
[photos] skip BMW 530i (G30) China (2).jpg Vercel Blob: Cannot use public access on a private store. The store is configured with private access.
[photos] skip BMW 530i (G30) China (3).jpg Vercel Blob: Cannot use public access on a private store. The store is configured with private access.
[photos] skip BMW 530i (G30) China (5).jpg Vercel Blob: Cannot use public access on a private store. The store is configured with private access.
[photos] skip BMW 530i (G30) China (4).jpg Vercel Blob: Cannot use public access on a private store. The store is configured with private access.
- 2020 BMW 530i (0)
[photos] skip BMW 530i (G30) China.jpg Vercel Blob: Cannot use public access on a private store. The store is configured with private access.
[photos] skip BMW 530i (G30) China (2).jpg Vercel Blob: Cannot use public access on a private store. The store is configured with private access.
[photos] skip BMW 530i (G30) China (3).jpg Vercel Blob: Cannot use public access on a private store. The store is configured with private access.
[photos] skip BMW 530i (G30) China (5).jpg Vercel Blob: Cannot use public access on a private store. The store is configured with private access.
[photos] skip BMW 530i (G30) China (4).jpg Vercel Blob: Cannot use public access on a private store. The store is configured with private access.
- 2023 BMW 530i (0)
[photos] skip BMW 530i (G30) China.jpg Vercel Blob: Cannot use public access on a private store. The store is configured with private access.
[photos] skip BMW 530i (G30) China (2).jpg Vercel Blob: Cannot use public access on a private store. The store is configured with private access.
[photos] skip BMW 530i (G30) China (3).jpg Vercel Blob: Cannot use public access on a private store. The store is configured with private access.
[photos] skip BMW 530i (G30) China (5).jpg Vercel Blob: Cannot use public access on a private store. The store is configured with private access.
[photos] skip BMW 530i (G30) China (4).jpg Vercel Blob: Cannot use public access on a private store. The store is configured with private access.
- 2025 BMW 530i (0)
[photos] skip 2016 BMW X5 xDrive40d M Sport Automatic 3.0 Front.jpg Vercel Blob: Cannot use public access on a private store. The store is configured with private access.
[photos] skip 2016 BMW X5 xDrive40d M Sport Automatic 3.0 Rear.jpg Vercel Blob: Cannot use public access on a private store. The store is configured with private access.
[photos] skip 2016 BMW X5 xDrive35i (US) front 3.9.18.jpg Vercel Blob: Cannot use public access on a private store. The store is configured with private access.
[photos] skip BMW X5 xDrive40e (F15, 2016) (54832849624).jpg Vercel Blob: Cannot use public access on a private store. The store is configured with private access.
[photos] skip 2014 BMW X5 (F15) sDrive25d wagon (2016-04-07) 02.jpg Vercel Blob: Cannot use public access on a private store. The store is configured with private access.
[photos] skip 2019 BMW X5 M50d Automatic 3.0.jpg Vercel Blob: Cannot use public access on a private store. The store is configured with private access.
[photos] skip BMW X5 (E70) China.jpg Vercel Blob: Cannot use public access on a private store. The store is configured with private access.
[photos] skip BMW X5 (E53) China.jpg Vercel Blob: Cannot use public access on a private store. The store is configured with private access.
[photos] skip BMW X5 (E70) China (2).jpg Vercel Blob: Cannot use public access on a private store. The store is configured with private access.
[photos] skip BMW X5 (E53) China (2).jpg Vercel Blob: Cannot use public access on a private store. The store is configured with private access.
- 2016 BMW X5 (0)
[photos] skip 2019 BMW X5 xDrive40i rear 3.24.19.jpg Vercel Blob: Cannot use public access on a private store. The store is configured with private access.
[photos] skip 2019 BMW X5 xDrive30d M Sport Automatic 3.0 Rear.jpg Vercel Blob: Cannot use public access on a private store. The store is configured with private access.
[photos] skip 2019 BMW X5 xDrive30d M Sport Automatic 3.0 Front.jpg Vercel Blob: Cannot use public access on a private store. The store is configured with private access.
[photos] skip 2019 BMW X5 M50d Automatic 3.0 Rear.jpg Vercel Blob: Cannot use public access on a private store. The store is configured with private access.
[photos] skip 2019 BMW X5 M50d 3.0 Rear.jpg Vercel Blob: Cannot use public access on a private store. The store is configured with private access.
[photos] skip 2019 BMW X5 M50d Automatic 3.0.jpg Vercel Blob: Cannot use public access on a private store. The store is configured with private access.
[photos] skip BMW X5 (E70) China.jpg Vercel Blob: Cannot use public access on a private store. The store is configured with private access.
[photos] skip BMW X5 (E53) China.jpg Vercel Blob: Cannot use public access on a private store. The store is configured with private access.
[photos] skip BMW X5 (E70) China (2).jpg Vercel Blob: Cannot use public access on a private store. The store is configured with private access.
[photos] skip BMW X5 (E53) China (2).jpg Vercel Blob: Cannot use public access on a private store. The store is configured with private access.
- 2019 BMW X5 (0)
[photos] skip BMW X5 E70 facelift Sanming 01 2022-08-22.jpg Vercel Blob: Cannot use public access on a private store. The store is configured with private access.
[photos] skip BMW X5 E70 Facelift Sanming 01 2022-11-15.jpg Vercel Blob: Cannot use public access on a private store. The store is configured with private access.
prisma:error Error in PostgreSQL connection: Error { kind: Io, cause: Some(Os { code: 10054, kind: ConnectionReset, message: "An existing connection was forcibly closed by the remote host." }) }
[photos] skip BMW X5 M G05 4.4 V8 2022.jpg Vercel Blob: Cannot use public access on a private store. The store is configured with private access.
[photos] skip 2019 BMW X5 M50d Automatic 3.0.jpg Vercel Blob: Cannot use public access on a private store. The store is configured with private access.
[photos] skip BMW X5 (E70) China.jpg Vercel Blob: Cannot use public access on a private store. The store is configured with private access.
[photos] skip BMW X5 (E53) China.jpg Vercel Blob: Cannot use public access on a private store. The store is configured with private access.
[photos] skip BMW X5 (E70) China (2).jpg Vercel Blob: Cannot use public access on a private store. The store is configured with private access.
[photos] skip BMW X5 (E53) China (2).jpg Vercel Blob: Cannot use public access on a private store. The store is configured with private access.
- 2022 BMW X5 (0)
[photos] skip 2017 BMW X3 XDrive28i in Jet Black, Front Right, 05-22-2022.jpg Vercel Blob: Cannot use public access on a private store. The store is configured with private access.
[photos] skip BMW X3, IAA 2017, Frankfurt (1Y7A2711).jpg Vercel Blob: Cannot use public access on a private store. The store is configured with private access.
[photos] skip 2017 BMW X3 xDrive20d M Sport Automatic 2.0.jpg Vercel Blob: Cannot use public access on a private store. The store is configured with private access.
[photos] skip Osaka Motor Show 2017 (71) - BMW X3 xDrive20d M Sport (G01).jpg Vercel Blob: Cannot use public access on a private store. The store is configured with private access.
[photos] skip Osaka Motor Show 2017 (70) - BMW X3 xDrive20d M Sport (G01).jpg Vercel Blob: Cannot use public access on a private store. The store is configured with private access.
[photos] skip BMW X3 IV LWB 001.jpg Vercel Blob: Cannot use public access on a private store. The store is configured with private access.
[photos] skip BMW X3 (G08) China.jpg Vercel Blob: Cannot use public access on a private store. The store is configured with private access.
[photos] skip BMW X3 (G08) China (5).jpg Vercel Blob: Cannot use public access on a private store. The store is configured with private access.
[photos] skip BMW X3 (E83) China (3).jpg Vercel Blob: Cannot use public access on a private store. The store is configured with private access.
[photos] skip BMW X3 (E83) China (4).jpg Vercel Blob: Cannot use public access on a private store. The store is configured with private access.
- 2017 BMW X3 (0)
[photos] skip BMW X5 M Competition (G05, 2020) (52227850683).jpg Vercel Blob: Cannot use public access on a private store. The store is configured with private access.
[photos] skip BMW X3 xDrive20d (G01, 2020) (54524753904).jpg Vercel Blob: Cannot use public access on a private store. The store is configured with private access.
[photos] skip BMW X3 (1) Foto 2020 free image (49646977168).jpg Vercel Blob: Cannot use public access on a private store. The store is configured with private access.
[photos] skip BMW X3 M G01 2020.jpg Vercel Blob: Cannot use public access on a private store. The store is configured with private access.
[photos] skip 2020 BMW X3 xDrive 30e M Sport.jpg Vercel Blob: Cannot use public access on a private store. The store is configured with private access.
[photos] skip BMW X3 IV LWB 001.jpg Vercel Blob: Cannot use public access on a private store. The store is configured with private access.
[photos] skip BMW X3 (G08) China.jpg Vercel Blob: Cannot use public access on a private store. The store is configured with private access.
[photos] skip BMW X3 (G08) China (5).jpg Vercel Blob: Cannot use public access on a private store. The store is configured with private access.
[photos] skip BMW X3 (E83) China (3).jpg Vercel Blob: Cannot use public access on a private store. The store is configured with private access.
[photos] skip BMW X3 (E83) China (4).jpg Vercel Blob: Cannot use public access on a private store. The store is configured with private access.
- 2020 BMW X3 (0)
[photos] skip 2023 BMW X3 xDrive30i M-Sport rear.jpg Vercel Blob: Cannot use public access on a private store. The store is configured with private access.
[photos] skip 2023 BMW X3 xDrive30i M-Sport front.jpg Vercel Blob: Cannot use public access on a private store. The store is configured with private access.
[photos] skip 2023 BMW G01 X3 M40i DSC 7394.jpg Vercel Blob: Cannot use public access on a private store. The store is configured with private access.
[photos] skip 2023 BMW X3 M Competition.jpg Vercel Blob: Cannot use public access on a private store. The store is configured with private access.
[photos] skip BMW iX3 CRI 03 2023 3215.jpg Vercel Blob: Cannot use public access on a private store. The store is configured with private access.
[photos] skip BMW X3 (G08) China.jpg Vercel Blob: Cannot use public access on a private store. The store is configured with private access.
[photos] skip BMW X3 (G08) China (5).jpg Vercel Blob: Cannot use public access on a private store. The store is configured with private access.
[photos] skip BMW X3 (E83) China (3).jpg Vercel Blob: Cannot use public access on a private store. The store is configured with private access.
[photos] skip BMW X3 (E83) China (4).jpg Vercel Blob: Cannot use public access on a private store. The store is configured with private access.
[photos] skip BMW X3 (G01) China (26).jpg Vercel Blob: Cannot use public access on a private store. The store is configured with private access.
- 2023 BMW X3 (0)
[photos] skip 2017 Audi A4 (8W) sport quattro sedan (2018-10-19) 01.jpg Vercel Blob: Cannot use public access on a private store. The store is configured with private access.
[photos] skip Audi A4 1.4 TFSi Design 2017 (53489133523).jpg Vercel Blob: Cannot use public access on a private store. The store is configured with private access.
[photos] skip 2017 Audi A4 Avant TFSi Quattro.jpg Vercel Blob: Cannot use public access on a private store. The store is configured with private access.
[photos] skip 2017 Audi A4 (8W) S-Line quattro sedan (2018-03-22) 02.jpg Vercel Blob: Cannot use public access on a private store. The store is configured with private access.
[photos] skip 2017 Audi A4 (8W) S-Line quattro sedan (2018-03-22) 01.jpg Vercel Blob: Cannot use public access on a private store. The store is configured with private access.
[photos] skip DSC00875 Unmarked Audi A4, Polizia di Stato, Front Right.jpg Vercel Blob: Cannot use public access on a private store. The store is configured with private access.
[photos] skip Joakim Ahlberg Audi A4 STCC Ring Knutstorp 2012.jpg Vercel Blob: Cannot use public access on a private store. The store is configured with private access.
[photos] skip AUDI A4 SEDAN (B6) China.jpg Vercel Blob: Cannot use public access on a private store. The store is configured with private access.
[photos] skip AUDI A4 SEDAN (B6) China (2).jpg Vercel Blob: Cannot use public access on a private store. The store is configured with private access.
[photos] skip AUDI A4 SEDAN (B6) China (3).jpg Vercel Blob: Cannot use public access on a private store. The store is configured with private access.
- 2017 Audi A4 (0)
[photos] skip 2020 Audi A4 S Line 35 TDi S-A facelift 2.0 Front.jpg Vercel Blob: Cannot use public access on a private store. The store is configured with private access.
[photos] skip 2020 Audi A4 S Line 35 TDi S-A 2.0 facelift Rear.jpg Vercel Blob: Cannot use public access on a private store. The store is configured with private access.
[photos] skip 2020 Audi A4 (Michigan Manufacturer plate), rear 9.3.19.jpg Vercel Blob: Cannot use public access on a private store. The store is configured with private access.
[photos] skip 2020 Audi A4 (Michigan Manufacturer plate), front 9.3.19.jpg Vercel Blob: Cannot use public access on a private store. The store is configured with private access.
[photos] skip Audi A4 allroad 2.0T quattro (2020) (53999681561).jpg Vercel Blob: Cannot use public access on a private store. The store is configured with private access.
[photos] skip DSC00875 Unmarked Audi A4, Polizia di Stato, Front Right.jpg Vercel Blob: Cannot use public access on a private store. The store is configured with private access.
[photos] skip Joakim Ahlberg Audi A4 STCC Ring Knutstorp 2012.jpg Vercel Blob: Cannot use public access on a private store. The store is configured with private access.
[photos] skip AUDI A4 SEDAN (B6) China.jpg Vercel Blob: Cannot use public access on a private store. The store is configured with private access.
[photos] skip AUDI A4 SEDAN (B6) China (3).jpg Vercel Blob: Cannot use public access on a private store. The store is configured with private access.
[photos] skip Audi A4 Avant B9 (FL) 1X7A6421.jpg Vercel Blob: Cannot use public access on a private store. The store is configured with private access.
- 2020 Audi A4 (0)
[photos] skip 2023 Audi A4 B9 Avant Allroad left front exterior view.jpg Vercel Blob: Cannot use public access on a private store. The store is configured with private access.
[photos] skip 2023 Audi A4 B9 Avant Allroad - front exterior view.jpg Vercel Blob: Cannot use public access on a private store. The store is configured with private access.
[photos] skip 2023 Audi A4 B9 Avant Allroad - right front exterior view.jpg Vercel Blob: Cannot use public access on a private store. The store is configured with private access.
[photos] skip 2023 Audi A4 B9 Avant Allroad - left side view.jpg Vercel Blob: Cannot use public access on a private store. The store is configured with private access.
[photos] skip 2023 Audi A4 B9 Avant Allroad - right side view.jpg Vercel Blob: Cannot use public access on a private store. The store is configured with private access.
[photos] skip DSC00875 Unmarked Audi A4, Polizia di Stato, Front Right.jpg Vercel Blob: Cannot use public access on a private store. The store is configured with private access.
[photos] skip Joakim Ahlberg Audi A4 STCC Ring Knutstorp 2012.jpg Vercel Blob: Cannot use public access on a private store. The store is configured with private access.
[photos] skip AUDI A4 SEDAN (B6) China.jpg Vercel Blob: Cannot use public access on a private store. The store is configured with private access.
[photos] skip AUDI A4 SEDAN (B6) China (2).jpg Vercel Blob: Cannot use public access on a private store. The store is configured with private access.
[photos] skip AUDI A4 SEDAN (B6) China (3).jpg Vercel Blob: Cannot use public access on a private store. The store is configured with private access.
- 2023 Audi A4 (0)
[photos] skip Moscow, Audi A4 red, Aug 2025 01.jpg Vercel Blob: Cannot use public access on a private store. The store is configured with private access.
[photos] skip Miles Audi A4, Berlin (20251221-P1074715).jpg Vercel Blob: Cannot use public access on a private store. The store is configured with private access.
[photos] skip DSC00875 Unmarked Audi A4, Polizia di Stato, Front Right.jpg Vercel Blob: Cannot use public access on a private store. The store is configured with private access.
[photos] skip Joakim Ahlberg Audi A4 STCC Ring Knutstorp 2012.jpg Vercel Blob: Cannot use public access on a private store. The store is configured with private access.
[photos] skip AUDI A4 SEDAN (B6) China.jpg Vercel Blob: Cannot use public access on a private store. The store is configured with private access.
[photos] skip AUDI A4 SEDAN (B6) China (3).jpg Vercel Blob: Cannot use public access on a private store. The store is configured with private access.
[photos] skip Audi A4 Avant B9 (FL) 1X7A6421.jpg Vercel Blob: Cannot use public access on a private store. The store is configured with private access.
- 2025 Audi A4 (0)
[photos] skip 2017 Audi Q5 (FY) front (silver) 1.jpg Vercel Blob: Cannot use public access on a private store. The store is configured with private access.
[photos] skip 2017 Audi Q5 (FY) side (silver) 1.jpg Vercel Blob: Cannot use public access on a private store. The store is configured with private access.
[photos] skip 2017 Audi Q5 (FY) rear (silver) 1.jpg Vercel Blob: Cannot use public access on a private store. The store is configured with private access.
[photos] skip 2017 Audi Q5 S Line TDi Quattro S-A 2.0 Rear.jpg Vercel Blob: Cannot use public access on a private store. The store is configured with private access.
[photos] skip 2017 Audi Q5 S Line TDi Quattro S-A 2.0 Front.jpg Vercel Blob: Cannot use public access on a private store. The store is configured with private access.
[photos] skip Audi Q5 Amarante Rally de portugal 2016.jpg Vercel Blob: Cannot use public access on a private store. The store is configured with private access.
[photos] skip AUDI Q5 8R China.jpg Vercel Blob: Cannot use public access on a private store. The store is configured with private access.
[photos] skip AUDI Q5 8R China (2).jpg Vercel Blob: Cannot use public access on a private store. The store is configured with private access.
[photos] skip AUDI Q5 8R China (7).jpg Vercel Blob: Cannot use public access on a private store. The store is configured with private access.
[photos] skip AUDI Q5 8R China (11).jpg Vercel Blob: Cannot use public access on a private store. The store is configured with private access.
- 2017 Audi Q5 (0)
[photos] skip Audi Q5 40 TDI quattro (2020 - 2022) (52060384943).jpg Vercel Blob: Cannot use public access on a private store. The store is configured with private access.
[photos] skip Audi-Q5 (2) Foto 2020 Free image (49647488661).jpg Vercel Blob: Cannot use public access on a private store. The store is configured with private access.
[photos] skip Audi Q5 Amarante Rally de portugal 2016.jpg Vercel Blob: Cannot use public access on a private store. The store is configured with private access.
[photos] skip AUDI Q5 8R China.jpg Vercel Blob: Cannot use public access on a private store. The store is configured with private access.
[photos] skip AUDI Q5 8R China (7).jpg Vercel Blob: Cannot use public access on a private store. The store is configured with private access.
[photos] skip AUDI Q5 8R China (11).jpg Vercel Blob: Cannot use public access on a private store. The store is configured with private access.
[photos] skip AUDI Q5 8R China (34).jpg Vercel Blob: Cannot use public access on a private store. The store is configured with private access.
- 2020 Audi Q5 (0)
[photos] skip 2023 Audi Q5 40 TDI Quattro Sportback front.jpg Vercel Blob: Cannot use public access on a private store. The store is configured with private access.
[photos] skip 2023 Audi Q5 40 TDI Quattro Sportback rear.jpg Vercel Blob: Cannot use public access on a private store. The store is configured with private access.
[photos] skip 2023 Audi Q5 quattro rear.jpg Vercel Blob: Cannot use public access on a private store. The store is configured with private access.
[photos] skip 2023 Audi Q5 quattro front.jpg Vercel Blob: Cannot use public access on a private store. The store is configured with private access.
[photos] skip 2023 Audi Q5 2.0T Premium quattro, 10-06-2024.jpg Vercel Blob: Cannot use public access on a private store. The store is configured with private access.
[photos] skip Audi Q5 Amarante Rally de portugal 2016.jpg Vercel Blob: Cannot use public access on a private store. The store is configured with private access.
[photos] skip AUDI Q5 8R China.jpg Vercel Blob: Cannot use public access on a private store. The store is configured with private access.
[photos] skip AUDI Q5 8R China (7).jpg Vercel Blob: Cannot use public access on a private store. The store is configured with private access.
[photos] skip AUDI Q5 8R China (11).jpg Vercel Blob: Cannot use public access on a private store. The store is configured with private access.
[photos] skip AUDI Q5 8R China (43).jpg Vercel Blob: Cannot use public access on a private store. The store is configured with private access.
- 2023 Audi Q5 (0)
[photos] skip Audi Q7 3.0 TDI quattro S-line (II) – Frontansicht, 3. Januar 2016, Düsseldorf.jpg Vercel Blob: Cannot use public access on a private store. The store is configured with private access.
[photos] skip 2015 Audi Q7 (4M) 3.0 TDI wagon (2016-08-27).jpg Vercel Blob: Cannot use public access on a private store. The store is configured with private access.
[photos] skip 2016 Audi Q7 dash.jpg Vercel Blob: Cannot use public access on a private store. The store is configured with private access.
[photos] skip Audi Q7 3.0 TDI quattro S-line (II) – Heckansicht, 3. Januar 2016, Düsseldorf.jpg Vercel Blob: Cannot use public access on a private store. The store is configured with private access.
[photos] skip 2016 Audi Q7 fr.jpg Vercel Blob: Cannot use public access on a private store. The store is configured with private access.
[photos] skip Audi q7 front white.jpg Vercel Blob: Cannot use public access on a private store. The store is configured with private access.
[photos] skip AUDI Q7 China.jpg Vercel Blob: Cannot use public access on a private store. The store is configured with private access.
[photos] skip AUDI Q7 China(2).jpg Vercel Blob: Cannot use public access on a private store. The store is configured with private access.
[photos] skip AUDI Q7 China(3).jpg Vercel Blob: Cannot use public access on a private store. The store is configured with private access.
[photos] skip AUDI Q7 China(6).jpg Vercel Blob: Cannot use public access on a private store. The store is configured with private access.
- 2016 Audi Q7 (0)
[photos] skip 2019 Audi Q7 facelift Rear.jpg Vercel Blob: Cannot use public access on a private store. The store is configured with private access.
[photos] skip 2019 Audi Q7 facelift Front.jpg Vercel Blob: Cannot use public access on a private store. The store is configured with private access.
[photos] skip Audi Q7 (4M) at IAA 2019 IMG 0290.jpg Vercel Blob: Cannot use public access on a private store. The store is configured with private access.
[photos] skip Audi Q7 (4M) at IAA 2019 IMG 0760.jpg Vercel Blob: Cannot use public access on a private store. The store is configured with private access.
[photos] skip Audi Q7 4M China 2019-03-12.jpg Vercel Blob: Cannot use public access on a private store. The store is configured with private access.
[photos] skip Audi q7 front white.jpg Vercel Blob: Cannot use public access on a private store. The store is configured with private access.
[photos] skip AUDI Q7 China.jpg Vercel Blob: Cannot use public access on a private store. The store is configured with private access.
[photos] skip AUDI Q7 China(2).jpg Vercel Blob: Cannot use public access on a private store. The store is configured with private access.
[photos] skip AUDI Q7 China(3).jpg Vercel Blob: Cannot use public access on a private store. The store is configured with private access.
[photos] skip AUDI Q7 China(5).jpg Vercel Blob: Cannot use public access on a private store. The store is configured with private access.
- 2019 Audi Q7 (0)
[photos] skip 2022 Audi Q7 (An Garda Síochána) Armed Support Unit, front right, 06-11-2025.jpg Vercel Blob: Cannot use public access on a private store. The store is configured with private access.
[photos] skip Audi q7 front white.jpg Vercel Blob: Cannot use public access on a private store. The store is configured with private access.
[photos] skip AUDI Q7 China.jpg Vercel Blob: Cannot use public access on a private store. The store is configured with private access.
[photos] skip AUDI Q7 China(2).jpg Vercel Blob: Cannot use public access on a private store. The store is configured with private access.
[photos] skip AUDI Q7 China(3).jpg Vercel Blob: Cannot use public access on a private store. The store is configured with private access.
[photos] skip AUDI Q7 China(6).jpg Vercel Blob: Cannot use public access on a private store. The store is configured with private access.
- 2022 Audi Q7 (0)
[photos] skip 2016 Volkswagen Passat SE, rear 4.4.23.jpg Vercel Blob: Cannot use public access on a private store. The store is configured with private access.
[photos] skip 2016 Volkswagen Passat SE, front 4.4.23.jpg Vercel Blob: Cannot use public access on a private store. The store is configured with private access.
[photos] skip 2016 Volkswagen Passat Highline in Black, Front Right, 2024-03-03.jpg Vercel Blob: Cannot use public access on a private store. The store is configured with private access.
[photos] skip Volkswagen Passat Variant GTE (2016) (54832613236).jpg Vercel Blob: Cannot use public access on a private store. The store is configured with private access.
[photos] skip 2016-2018 Volkswagen Passat SE.jpg Vercel Blob: Cannot use public access on a private store. The store is configured with private access.
[photos] skip 2010 Volkswagen Passat Highline TDi 140 2.0 Front.jpg Vercel Blob: Cannot use public access on a private store. The store is configured with private access.
[photos] skip Volkswagen Passat Variant R-Line, GIMS 2019, Le Grand-Saconnex (GIMS0226).jpg Vercel Blob: Cannot use public access on a private store. The store is configured with private access.
[photos] skip Volkswagen Passat B8 (2019) IMG 1992.jpg Vercel Blob: Cannot use public access on a private store. The store is configured with private access.
[photos] skip Volkswagen Passat B1 1X7A0131.jpg Vercel Blob: Cannot use public access on a private store. The store is configured with private access.
[photos] skip Volkswagen Passat Variant B9 IAA 2023 1X7A0654.jpg Vercel Blob: Cannot use public access on a private store. The store is configured with private access.
- 2016 Volkswagen Passat (0)
[photos] skip Volkswagen Passat Variant R-Line, GIMS 2019, Le Grand-Saconnex (GIMS0226).jpg Vercel Blob: Cannot use public access on a private store. The store is configured with private access.
[photos] skip Volkswagen Passat Variant R-Line, GIMS 2019, Le Grand-Saconnex (GIMS0201).jpg Vercel Blob: Cannot use public access on a private store. The store is configured with private access.
[photos] skip Volkswagen Passat B8 (2019) IMG 1992.jpg Vercel Blob: Cannot use public access on a private store. The store is configured with private access.
[photos] skip Volkswagen Passat China 2019 001.jpg Vercel Blob: Cannot use public access on a private store. The store is configured with private access.
[photos] skip Volkswagen Passat China 2019 002.jpg Vercel Blob: Cannot use public access on a private store. The store is configured with private access.
[photos] skip 2010 Volkswagen Passat Highline TDi 140 2.0 Front.jpg Vercel Blob: Cannot use public access on a private store. The store is configured with private access.
[photos] skip Volkswagen Passat Variant R-Line, GIMS 2019, Le Grand-Saconnex (GIMS0226).jpg Vercel Blob: Cannot use public access on a private store. The store is configured with private access.
[photos] skip Volkswagen Passat B8 (2019) IMG 1992.jpg Vercel Blob: Cannot use public access on a private store. The store is configured with private access.
[photos] skip Volkswagen Passat B1 1X7A0131.jpg Vercel Blob: Cannot use public access on a private store. The store is configured with private access.
[photos] skip Volkswagen Passat Variant B9 IAA 2023 1X7A0654.jpg Vercel Blob: Cannot use public access on a private store. The store is configured with private access.
- 2019 Volkswagen Passat (0)
[photos] skip 2002 Volkswagen Passat GLS Wagon, rear left, 09-02-2022.jpg Vercel Blob: Cannot use public access on a private store. The store is configured with private access.
[photos] skip Volkswagen Passat Variant GTE (B8, 2022) (52874881499).jpg Vercel Blob: Cannot use public access on a private store. The store is configured with private access.
[photos] skip Volkswagen Passat Lingyu facelift Sanming 01 2022-02-17.jpg Vercel Blob: Cannot use public access on a private store. The store is configured with private access.
[photos] skip Volkswagen Passat Lingyu facelift Sanming 02 2022-02-17.jpg Vercel Blob: Cannot use public access on a private store. The store is configured with private access.
[photos] skip Volkswagen Passat CN III facelift Shishi 01 2022-04-30.jpg Vercel Blob: Cannot use public access on a private store. The store is configured with private access.
[photos] skip 2010 Volkswagen Passat Highline TDi 140 2.0 Front.jpg Vercel Blob: Cannot use public access on a private store. The store is configured with private access.
[photos] skip Volkswagen Passat Variant R-Line, GIMS 2019, Le Grand-Saconnex (GIMS0226).jpg Vercel Blob: Cannot use public access on a private store. The store is configured with private access.
[photos] skip Volkswagen Passat B8 (2019) IMG 1992.jpg Vercel Blob: Cannot use public access on a private store. The store is configured with private access.
[photos] skip Volkswagen Passat B1 1X7A0131.jpg Vercel Blob: Cannot use public access on a private store. The store is configured with private access.
[photos] skip Volkswagen Passat Variant B9 IAA 2023 1X7A0654.jpg Vercel Blob: Cannot use public access on a private store. The store is configured with private access.
- 2022 Volkswagen Passat (0)
[photos] skip 2010 Volkswagen Passat Highline TDi 140 2.0 Front.jpg Vercel Blob: Cannot use public access on a private store. The store is configured with private access.
[photos] skip Volkswagen Passat Variant R-Line, GIMS 2019, Le Grand-Saconnex (GIMS0226).jpg Vercel Blob: Cannot use public access on a private store. The store is configured with private access.
[photos] skip Volkswagen Passat B8 (2019) IMG 1992.jpg Vercel Blob: Cannot use public access on a private store. The store is configured with private access.
[photos] skip Volkswagen Passat B1 1X7A0131.jpg Vercel Blob: Cannot use public access on a private store. The store is configured with private access.
[photos] skip Volkswagen Passat Variant B9 IAA 2023 1X7A0654.jpg Vercel Blob: Cannot use public access on a private store. The store is configured with private access.
- 2025 Volkswagen Passat (0)
[photos] skip 2017 Volkswagen Tiguan TDi 2.0 Front.jpg Vercel Blob: Cannot use public access on a private store. The store is configured with private access.
[photos] skip 2017 Volkswagen Tiguan TDi 2.0 Rear.jpg Vercel Blob: Cannot use public access on a private store. The store is configured with private access.
[photos] skip 2017 Volkswagen Tiguan Wolfsburg Edition 2.0 TSI 4Motion, Rear Right, 04-15-2021.jpg Vercel Blob: Cannot use public access on a private store. The store is configured with private access.
[photos] skip Volkswagen Tiguan 2.0 TDI 2017.jpg Vercel Blob: Cannot use public access on a private store. The store is configured with private access.
[photos] skip Volkswagen Tiguan diesel 1968cc registered March 2017.jpg Vercel Blob: Cannot use public access on a private store. The store is configured with private access.
[photos] skip Volkswagen Tiguan R 1X7A0362.jpg Vercel Blob: Cannot use public access on a private store. The store is configured with private access.
[photos] skip Volkswagen Tiguan R 1X7A0293.jpg Vercel Blob: Cannot use public access on a private store. The store is configured with private access.
[photos] skip Volkswagen Tiguan III IAA 2023 1X7A0489.jpg Vercel Blob: Cannot use public access on a private store. The store is configured with private access.
[photos] skip Volkswagen Tiguan III eHybrid Auto Zuerich 2023 1X7A0999.jpg Vercel Blob: Cannot use public access on a private store. The store is configured with private access.
[photos] skip Volkswagen Tiguan III eHybrid Auto Zuerich 2023 1X7A1001.jpg Vercel Blob: Cannot use public access on a private store. The store is configured with private access.
- 2017 Volkswagen Tiguan (0)
[photos] skip 2020 SAIC-Volkswagen Tiguan L (facelift, rear).jpg Vercel Blob: Cannot use public access on a private store. The store is configured with private access.
[photos] skip 2020 SAIC-Volkswagen Tiguan L (facelift, front).jpg Vercel Blob: Cannot use public access on a private store. The store is configured with private access.
[photos] skip 2020 SAIC-Volkswagen Tiguan X (rear).jpg Vercel Blob: Cannot use public access on a private store. The store is configured with private access.
[photos] skip 2020 SAIC-Volkswagen Tiguan X (front).jpg Vercel Blob: Cannot use public access on a private store. The store is configured with private access.
[photos] skip 2020 Volkswagen Tiguan Life facelift Front.jpg Vercel Blob: Cannot use public access on a private store. The store is configured with private access.
[photos] skip Volkswagen Tiguan R 1X7A0362.jpg Vercel Blob: Cannot use public access on a private store. The store is configured with private access.
[photos] skip Volkswagen Tiguan R 1X7A0293.jpg Vercel Blob: Cannot use public access on a private store. The store is configured with private access.
[photos] skip Volkswagen Tiguan III IAA 2023 1X7A0489.jpg Vercel Blob: Cannot use public access on a private store. The store is configured with private access.
[photos] skip Volkswagen Tiguan III eHybrid Auto Zuerich 2023 1X7A0999.jpg Vercel Blob: Cannot use public access on a private store. The store is configured with private access.
[photos] skip Volkswagen Tiguan III eHybrid Auto Zuerich 2023 1X7A1001.jpg Vercel Blob: Cannot use public access on a private store. The store is configured with private access.
- 2020 Volkswagen Tiguan (0)
[photos] skip Volkswagen Tiguan III IAA 2023 1X7A0489.jpg Vercel Blob: Cannot use public access on a private store. The store is configured with private access.
[photos] skip Volkswagen Tiguan III eHybrid Auto Zuerich 2023 1X7A0996.jpg Vercel Blob: Cannot use public access on a private store. The store is configured with private access.
[photos] skip Volkswagen Tiguan III eHybrid Auto Zuerich 2023 1X7A0999.jpg Vercel Blob: Cannot use public access on a private store. The store is configured with private access.
[photos] skip Volkswagen Tiguan III eHybrid Auto Zuerich 2023 1X7A1001.jpg Vercel Blob: Cannot use public access on a private store. The store is configured with private access.
[photos] skip Volkswagen Tiguan III eHybrid Auto Zuerich 2023 1X7A0998.jpg Vercel Blob: Cannot use public access on a private store. The store is configured with private access.
[photos] skip Volkswagen Tiguan R 1X7A0362.jpg Vercel Blob: Cannot use public access on a private store. The store is configured with private access.
[photos] skip Volkswagen Tiguan R 1X7A0293.jpg Vercel Blob: Cannot use public access on a private store. The store is configured with private access.
[photos] skip Volkswagen Tiguan III IAA 2023 1X7A0489.jpg Vercel Blob: Cannot use public access on a private store. The store is configured with private access.
[photos] skip Volkswagen Tiguan III eHybrid Auto Zuerich 2023 1X7A0999.jpg Vercel Blob: Cannot use public access on a private store. The store is configured with private access.
[photos] skip Volkswagen Tiguan III eHybrid Auto Zuerich 2023 1X7A1001.jpg Vercel Blob: Cannot use public access on a private store. The store is configured with private access.
- 2023 Volkswagen Tiguan (0)
[photos] skip Porsche Cayenne (2016) (54722767335).jpg Vercel Blob: Cannot use public access on a private store. The store is configured with private access.
[photos] skip Porsche Cayenne GTS (2016) (54871040001).jpg Vercel Blob: Cannot use public access on a private store. The store is configured with private access.
[photos] skip Porsche Cayenne (2016) (52924891841).jpg Vercel Blob: Cannot use public access on a private store. The store is configured with private access.
[photos] skip Porsche Cayenne (2016) (52925337013).jpg Vercel Blob: Cannot use public access on a private store. The store is configured with private access.
[photos] skip Porsche Cayenne Diesel (2016) (52925042889).jpg Vercel Blob: Cannot use public access on a private store. The store is configured with private access.
[photos] skip Porsche Cayenne, IAA 2017 (1Y7A2256).jpg Vercel Blob: Cannot use public access on a private store. The store is configured with private access.
[photos] skip Porsche Cayenne, IAA 2017, Frankfurt (1Y7A2761).jpg Vercel Blob: Cannot use public access on a private store. The store is configured with private access.
[photos] skip Porsche Cayenne Turbo, IAA 2017, Frankfurt (1Y7A2764).jpg Vercel Blob: Cannot use public access on a private store. The store is configured with private access.
[photos] skip Porsche Cayenne Turbo – IAA 2017 – by Nicolas Völcker.jpg Vercel Blob: Cannot use public access on a private store. The store is configured with private access.
[photos] skip Porsche Cayenne (PO536) GTS IMG 3952.jpg Vercel Blob: Cannot use public access on a private store. The store is configured with private access.
- 2016 Porsche Cayenne (0)
[photos] skip Porsche Cayenne Coupé IAA 2019 JM 0550.jpg The operation was aborted due to timeout
[photos] skip Porsche Cayenne Coupé IAA 2019 JM 0554.jpg fetch failed
[photos] skip Porsche Cayenne Coupé S Solitude Revival 2019 IMG 1599.jpg fetch failed
[photos] skip 2019 Porsche Cayenne S.jpg fetch failed
[photos] skip 2019 Porsche Cayenne Coupé.jpg fetch failed
[photos] search failed Porsche Cayenne fetch failed
- 2019 Porsche Cayenne (0)
prisma:error Error in PostgreSQL connection: Error { kind: Io, cause: Some(Os { code: 10054, kind: ConnectionReset, message: "An existing connection was forcibly closed by the remote host." }) }
[photos] skip 2022-01-28 a Porsche Cayenne in Taichung.jpg Vercel Blob: Cannot use public access on a private store. The store is configured with private access.
[photos] skip 2022 Porsche Cayenne Turbo GT Auto (53299).jpg Vercel Blob: Cannot use public access on a private store. The store is configured with private access.
[photos] skip Porsche Cayenne Turbo GT Solitude Revival 2022 1X7A0163.jpg Vercel Blob: Cannot use public access on a private store. The store is configured with private access.
[photos] skip 2022 Porsche Cayenne Turbo GT Auto.jpg Vercel Blob: Cannot use public access on a private store. The store is configured with private access.
[photos] skip 2022 Porsche Cayenne Turbo GT Auto 3.jpg Vercel Blob: Cannot use public access on a private store. The store is configured with private access.
[photos] skip Porsche Cayenne, IAA 2017 (1Y7A2256).jpg Vercel Blob: Cannot use public access on a private store. The store is configured with private access.
[photos] skip Porsche Cayenne, IAA 2017, Frankfurt (1Y7A2761).jpg Vercel Blob: Cannot use public access on a private store. The store is configured with private access.
[photos] skip Porsche Cayenne Turbo, IAA 2017, Frankfurt (1Y7A2764).jpg Vercel Blob: Cannot use public access on a private store. The store is configured with private access.
[photos] skip Porsche Cayenne Turbo – IAA 2017 – by Nicolas Völcker.jpg Vercel Blob: Cannot use public access on a private store. The store is configured with private access.
[photos] skip Porsche Cayenne (PO536) GTS IMG 3952.jpg Vercel Blob: Cannot use public access on a private store. The store is configured with private access.
- 2022 Porsche Cayenne (0)
[photos] skip Porsche Macan GTS (rear) – IAA 2017 – by Nicolas Völcker.jpg Vercel Blob: Cannot use public access on a private store. The store is configured with private access.
[photos] skip 2017 Porsche Macan S Diesel S-A 3.0 Front.jpg Vercel Blob: Cannot use public access on a private store. The store is configured with private access.
[photos] skip 2017 Porsche Macan S Diesel S-A 3.0 Rear.jpg Vercel Blob: Cannot use public access on a private store. The store is configured with private access.
[photos] skip Porsche Macan S (2017) (54717046448).jpg Vercel Blob: Cannot use public access on a private store. The store is configured with private access.
[photos] skip Porsche Macan Turbo (2017) (54732535903).jpg Vercel Blob: Cannot use public access on a private store. The store is configured with private access.
[photos] skip 2020 Porsche Macan GTS grey rear.jpg Vercel Blob: Cannot use public access on a private store. The store is configured with private access.
[photos] skip 2020 Porsche Macan GTS grey front.jpg Vercel Blob: Cannot use public access on a private store. The store is configured with private access.
[photos] skip Porsche Macan Turbo Electric 001.jpg Vercel Blob: Cannot use public access on a private store. The store is configured with private access.
[photos] skip PORSCHE MACAN China.jpg Vercel Blob: Cannot use public access on a private store. The store is configured with private access.
[photos] skip 2022 Porsche Macan 1X7A6048.jpg Vercel Blob: Cannot use public access on a private store. The store is configured with private access.
- 2017 Porsche Macan (0)
[photos] skip 2020 Porsche Macan GTS grey rear.jpg Vercel Blob: Cannot use public access on a private store. The store is configured with private access.
[photos] skip 2020 Porsche Macan GTS grey front.jpg Vercel Blob: Cannot use public access on a private store. The store is configured with private access.
[photos] skip Porsche Macan (2020) (rear three-quarter view) in Osaka.jpg Vercel Blob: Cannot use public access on a private store. The store is configured with private access.
[photos] skip Porsche Macan (2020) (front three-quarter view) in Osaka.jpg Vercel Blob: Cannot use public access on a private store. The store is configured with private access.
[photos] skip Porsche Macan S (2020) (52229958570).jpg Vercel Blob: Cannot use public access on a private store. The store is configured with private access.
[photos] skip 2020 Porsche Macan GTS grey rear.jpg Vercel Blob: Cannot use public access on a private store. The store is configured with private access.
[photos] skip 2020 Porsche Macan GTS grey front.jpg Vercel Blob: Cannot use public access on a private store. The store is configured with private access.
[photos] skip Porsche Macan Turbo Electric 001.jpg Vercel Blob: Cannot use public access on a private store. The store is configured with private access.
[photos] skip PORSCHE MACAN China.jpg Vercel Blob: Cannot use public access on a private store. The store is configured with private access.
[photos] skip 2022 Porsche Macan 1X7A6048.jpg Vercel Blob: Cannot use public access on a private store. The store is configured with private access.
- 2020 Porsche Macan (0)
[photos] skip Porsche Macan GTS (2023) (54863904401).jpg Vercel Blob: Cannot use public access on a private store. The store is configured with private access.
[photos] skip 2023 Porsche Macan (1).jpg Vercel Blob: Cannot use public access on a private store. The store is configured with private access.
[photos] skip 2023 Porsche Macan (2).jpg Vercel Blob: Cannot use public access on a private store. The store is configured with private access.
[photos] skip Porsche Macan March 2023 001.jpg Vercel Blob: Cannot use public access on a private store. The store is configured with private access.
[photos] skip Porsche Macan March 2023.jpg Vercel Blob: Cannot use public access on a private store. The store is configured with private access.
[photos] skip 2020 Porsche Macan GTS grey rear.jpg Vercel Blob: Cannot use public access on a private store. The store is configured with private access.
[photos] skip 2020 Porsche Macan GTS grey front.jpg Vercel Blob: Cannot use public access on a private store. The store is configured with private access.
[photos] skip Porsche Macan Turbo Electric 001.jpg Vercel Blob: Cannot use public access on a private store. The store is configured with private access.
[photos] skip PORSCHE MACAN China.jpg Vercel Blob: Cannot use public access on a private store. The store is configured with private access.
[photos] skip 2022 Porsche Macan 1X7A6048.jpg Vercel Blob: Cannot use public access on a private store. The store is configured with private access.
- 2023 Porsche Macan (0)
[photos] skip Porsche Macan 4 IAA 2025 DSC 1978.jpg Vercel Blob: Cannot use public access on a private store. The store is configured with private access.
[photos] skip Porsche Macan 4 IAA 2025 DSC 1985.jpg Vercel Blob: Cannot use public access on a private store. The store is configured with private access.
[photos] skip 2020 Porsche Macan GTS grey rear.jpg Vercel Blob: Cannot use public access on a private store. The store is configured with private access.
[photos] skip 2020 Porsche Macan GTS grey front.jpg Vercel Blob: Cannot use public access on a private store. The store is configured with private access.
[photos] skip Porsche Macan Turbo Electric 001.jpg Vercel Blob: Cannot use public access on a private store. The store is configured with private access.
[photos] skip PORSCHE MACAN China.jpg Vercel Blob: Cannot use public access on a private store. The store is configured with private access.
[photos] skip 2022 Porsche Macan 1X7A6048.jpg Vercel Blob: Cannot use public access on a private store. The store is configured with private access.
- 2025 Porsche Macan (0)
[photos] skip 2011–2016 Ford Explorer Front.jpg Vercel Blob: Cannot use public access on a private store. The store is configured with private access.
[photos] skip 2011–2016 Ford Explorer Rear.jpg Vercel Blob: Cannot use public access on a private store. The store is configured with private access.
[photos] skip 2016 Ford Explorer XLT 4WD.jpg Vercel Blob: Cannot use public access on a private store. The store is configured with private access.
[photos] skip 2016 Ford Explorer XLT 4WD (cropped).jpg Vercel Blob: Cannot use public access on a private store. The store is configured with private access.
[photos] skip 2016 -19 Silver Ford Explorer on U.S. 95.jpg Vercel Blob: Cannot use public access on a private store. The store is configured with private access.
[photos] skip FORD EXPLORER (U502) China.jpg Vercel Blob: Cannot use public access on a private store. The store is configured with private access.
[photos] skip FORD EXPLORER (U625) China.jpg Vercel Blob: Cannot use public access on a private store. The store is configured with private access.
[photos] skip FORD EXPLORER (U625) China (2).jpg Vercel Blob: Cannot use public access on a private store. The store is configured with private access.
[photos] skip FORD EXPLORER (U625) China (4).jpg Vercel Blob: Cannot use public access on a private store. The store is configured with private access.
[photos] skip FORD EXPLORER (U502) China (5).jpg Vercel Blob: Cannot use public access on a private store. The store is configured with private access.
- 2016 Ford Explorer (0)
[photos] skip 2020 Ford Explorer Hybrid Interceptor spec front NYIAS 2019.jpg Vercel Blob: Cannot use public access on a private store. The store is configured with private access.
[photos] skip 2020 Ford Explorer Limited Hybrid rear NYIAS 2019.jpg Vercel Blob: Cannot use public access on a private store. The store is configured with private access.
[photos] skip Ford Explorer (sixth generation) at IAA 2019 IMG 0424.jpg Vercel Blob: Cannot use public access on a private store. The store is configured with private access.
[photos] skip Ford Explorer (sixth generation) at IAA 2019 IMG 0603.jpg Vercel Blob: Cannot use public access on a private store. The store is configured with private access.
[photos] skip Ford Explorer Sport 07-28-2019 2.jpg Vercel Blob: Cannot use public access on a private store. The store is configured with private access.
[photos] skip FORD EXPLORER (U502) China.jpg Vercel Blob: Cannot use public access on a private store. The store is configured with private access.
[photos] skip FORD EXPLORER (U625) China.jpg Vercel Blob: Cannot use public access on a private store. The store is configured with private access.
[photos] skip FORD EXPLORER (U502) China (2).jpg Vercel Blob: Cannot use public access on a private store. The store is configured with private access.
[photos] skip FORD EXPLORER (U502) China (3).jpg Vercel Blob: Cannot use public access on a private store. The store is configured with private access.
[photos] skip FORD EXPLORER (U625) China (2).jpg Vercel Blob: Cannot use public access on a private store. The store is configured with private access.
- 2019 Ford Explorer (0)
[photos] skip 2022 Ford Explorer ST, rear 6.8.22.jpg Vercel Blob: Cannot use public access on a private store. The store is configured with private access.
[photos] skip Ford Explorer (fifth generation, NYPD) in november 2022 file 01.jpg Vercel Blob: Cannot use public access on a private store. The store is configured with private access.
[photos] skip Ford Explorer (fifth generation, NYPD) in november 2022 file 02.jpg Vercel Blob: Cannot use public access on a private store. The store is configured with private access.
[photos] skip Ford Explorer NYPD at ground zero (New-York City) in novembre 2022.jpg Vercel Blob: Cannot use public access on a private store. The store is configured with private access.
[photos] skip Ford Explorer (fifth generation, NYPD) in november 2022.jpg Vercel Blob: Cannot use public access on a private store. The store is configured with private access.
[photos] skip FORD EXPLORER (U502) China.jpg Vercel Blob: Cannot use public access on a private store. The store is configured with private access.
[photos] skip FORD EXPLORER (U625) China.jpg Vercel Blob: Cannot use public access on a private store. The store is configured with private access.
[photos] skip FORD EXPLORER (U625) China (2).jpg Vercel Blob: Cannot use public access on a private store. The store is configured with private access.
[photos] skip FORD EXPLORER (U502) China (4).jpg Vercel Blob: Cannot use public access on a private store. The store is configured with private access.
[photos] skip FORD EXPLORER (U625) China (4).jpg Vercel Blob: Cannot use public access on a private store. The store is configured with private access.
- 2022 Ford Explorer (0)
[photos] skip 2016 Ford Edge SEL in Magnetic Metallic, Front Right, 07-30-2023.jpg Vercel Blob: Cannot use public access on a private store. The store is configured with private access.
[photos] skip Ford Edge SEL 2016 (53702624882).jpg Vercel Blob: Cannot use public access on a private store. The store is configured with private access.
[photos] skip 2016 Ford Edge Sport TDCi Automatic 2.0.jpg Vercel Blob: Cannot use public access on a private store. The store is configured with private access.
[photos] skip Ford Edge SEL 3.5 AWD 2016 (35553409571).jpg Vercel Blob: Cannot use public access on a private store. The store is configured with private access.
[photos] skip Ford Edge II CN 02 China 2016-03-28.jpg Vercel Blob: Cannot use public access on a private store. The store is configured with private access.
[photos] skip Ford Edge L 009.jpg Vercel Blob: Cannot use public access on a private store. The store is configured with private access.
[photos] skip Ford Edge L 008.jpg Vercel Blob: Cannot use public access on a private store. The store is configured with private access.
[photos] skip Ford Edge L 011.jpg Vercel Blob: Cannot use public access on a private store. The store is configured with private access.
[photos] skip Ford Edge L 012.jpg Vercel Blob: Cannot use public access on a private store. The store is configured with private access.
[photos] skip Ford Edge L 013.jpg Vercel Blob: Cannot use public access on a private store. The store is configured with private access.
- 2016 Ford Edge (0)
[photos] skip 2019 Ford Edge SEL EcoBoost AWD 2.0L rear 4.6.19.jpg Vercel Blob: Cannot use public access on a private store. The store is configured with private access.
[photos] skip 2019 Ford Edge SEL EcoBoost AWD 2.0L front 4.6.19.jpg Vercel Blob: Cannot use public access on a private store. The store is configured with private access.
[photos] skip 2019 Ford Edge SEL AWD in Ingot Silver, front left, 2025-04-24.jpg Vercel Blob: Cannot use public access on a private store. The store is configured with private access.
[photos] skip 2019 Ford Edge facelift Rear.jpg Vercel Blob: Cannot use public access on a private store. The store is configured with private access.
prisma:error Error in PostgreSQL connection: Error { kind: Io, cause: Some(Os { code: 10054, kind: ConnectionReset, message: "An existing connection was forcibly closed by the remote host." }) }
[photos] skip 2019 Ford Edge SEL AWD in Ingot Silver, rear left, 2025-04-24.jpg Vercel Blob: Cannot use public access on a private store. The store is configured with private access.
[photos] skip Ford Edge L 009.jpg Vercel Blob: Cannot use public access on a private store. The store is configured with private access.
[photos] skip Ford Edge L 008.jpg Vercel Blob: Cannot use public access on a private store. The store is configured with private access.
[photos] skip Ford Edge L 011.jpg Vercel Blob: Cannot use public access on a private store. The store is configured with private access.
[photos] skip Ford Edge L 012.jpg Vercel Blob: Cannot use public access on a private store. The store is configured with private access.
[photos] skip Ford Edge L 013.jpg Vercel Blob: Cannot use public access on a private store. The store is configured with private access.
- 2019 Ford Edge (0)
[photos] skip 2008 Ford Edge Limited, front right, 09-03-2022.jpg Vercel Blob: Cannot use public access on a private store. The store is configured with private access.
[photos] skip 2008 Ford Edge Limited, rear right, 09-03-2022.jpg Vercel Blob: Cannot use public access on a private store. The store is configured with private access.
[photos] skip 2010 Ford Edge SEL in White Suede, Rear Left, 05-16-2022.jpg Vercel Blob: Cannot use public access on a private store. The store is configured with private access.
[photos] skip Ford Edge II CN Sanming 01 2022-02-17.jpg Vercel Blob: Cannot use public access on a private store. The store is configured with private access.
[photos] skip Ford Edge II CN Sanming 02 2022-02-17.jpg Vercel Blob: Cannot use public access on a private store. The store is configured with private access.
[photos] skip Ford Edge L 009.jpg Vercel Blob: Cannot use public access on a private store. The store is configured with private access.
[photos] skip Ford Edge L 008.jpg Vercel Blob: Cannot use public access on a private store. The store is configured with private access.
[photos] skip Ford Edge L 011.jpg Vercel Blob: Cannot use public access on a private store. The store is configured with private access.
[photos] skip Ford Edge L 012.jpg Vercel Blob: Cannot use public access on a private store. The store is configured with private access.
[photos] skip Ford Edge L 013.jpg Vercel Blob: Cannot use public access on a private store. The store is configured with private access.
- 2022 Ford Edge (0)
[photos] skip 2017 Ford Escape used for CycloMedia rear 4.23.18.jpg Vercel Blob: Cannot use public access on a private store. The store is configured with private access.
[photos] skip 2017 Ford Escape Ambiente AWD front.jpg Vercel Blob: Cannot use public access on a private store. The store is configured with private access.
[photos] skip 2017 Ford Escape Ambiente AWD rear.jpg Vercel Blob: Cannot use public access on a private store. The store is configured with private access.
[photos] skip 2017 Ford Escape.JPG Vercel Blob: Cannot use public access on a private store. The store is configured with private access.
[photos] skip 2017 Ford Escape (ZG) Ambiente wagon (2017-11-18) 01.jpg Vercel Blob: Cannot use public access on a private store. The store is configured with private access.
[photos] skip FORD ESCAPE (CX482) China.jpg Vercel Blob: Cannot use public access on a private store. The store is configured with private access.
[photos] skip FORD ESCAPE (CX482) China (2).jpg Vercel Blob: Cannot use public access on a private store. The store is configured with private access.
[photos] skip FORD ESCAPE FIRST GENERATION China.jpg Vercel Blob: Cannot use public access on a private store. The store is configured with private access.
[photos] skip FORD KUGA, FORD ESCAPE (CX482) China (3).jpg Vercel Blob: Cannot use public access on a private store. The store is configured with private access.
[photos] skip Ford Escape (fourth generation) 1X7A6227.jpg Vercel Blob: Cannot use public access on a private store. The store is configured with private access.
- 2017 Ford Escape (0)
[photos] skip 2020 Ford Escape SEL EcoBoost AWD, front 11.22.19.jpg Vercel Blob: Cannot use public access on a private store. The store is configured with private access.
[photos] skip 2020 Ford Escape S in Magnetic Metallic, front right, 2025-09-07.jpg Vercel Blob: Cannot use public access on a private store. The store is configured with private access.
[photos] skip 2020 Ford Escape ST-Line AWD front.jpg Vercel Blob: Cannot use public access on a private store. The store is configured with private access.
[photos] skip 2020 Ford Escape ST-Line AWD rear.jpg Vercel Blob: Cannot use public access on a private store. The store is configured with private access.
[photos] skip 2020 Ford Escape Hybrid front NYIAS 2019.jpg Vercel Blob: Cannot use public access on a private store. The store is configured with private access.
[photos] skip FORD ESCAPE (CX482) China.jpg Vercel Blob: Cannot use public access on a private store. The store is configured with private access.
[photos] skip FORD ESCAPE (CX482) China (2).jpg Vercel Blob: Cannot use public access on a private store. The store is configured with private access.
[photos] skip FORD ESCAPE FIRST GENERATION China.jpg Vercel Blob: Cannot use public access on a private store. The store is configured with private access.
[photos] skip FORD KUGA, FORD ESCAPE (CX482) China (3).jpg Vercel Blob: Cannot use public access on a private store. The store is configured with private access.
[photos] skip Ford Escape (fourth generation) 1X7A6227.jpg Vercel Blob: Cannot use public access on a private store. The store is configured with private access.
- 2020 Ford Escape (0)
[photos] skip 2023 Ford Escape front view.jpg Vercel Blob: Cannot use public access on a private store. The store is configured with private access.
[photos] skip 2023 Ford Escape rear view.jpg Vercel Blob: Cannot use public access on a private store. The store is configured with private access.
[photos] skip 2012 Ford Escape XLT, front right, 09-09-2023.jpg Vercel Blob: Cannot use public access on a private store. The store is configured with private access.
[photos] skip 2023 Ford Escape Plug-In Hybrid, front NYIAS 2023.jpg Vercel Blob: Cannot use public access on a private store. The store is configured with private access.
[photos] skip 2023 Ford Escape Hybrid (facelift), NYC taxi, front 1.23.22.jpg Vercel Blob: Cannot use public access on a private store. The store is configured with private access.
[photos] skip FORD ESCAPE (CX482) China.jpg Vercel Blob: Cannot use public access on a private store. The store is configured with private access.
[photos] skip FORD ESCAPE (CX482) China (2).jpg Vercel Blob: Cannot use public access on a private store. The store is configured with private access.
[photos] skip FORD ESCAPE FIRST GENERATION China.jpg Vercel Blob: Cannot use public access on a private store. The store is configured with private access.
[photos] skip FORD KUGA, FORD ESCAPE (CX482) China (3).jpg Vercel Blob: Cannot use public access on a private store. The store is configured with private access.
[photos] skip Ford Escape (fourth generation) 1X7A6227.jpg Vercel Blob: Cannot use public access on a private store. The store is configured with private access.
- 2023 Ford Escape (0)
[photos] skip Ford Escape ZC Kinmen 01 2025-11-14.jpg Vercel Blob: Cannot use public access on a private store. The store is configured with private access.
[photos] skip Ford Escape ZD facelift Kinmen 01 2025-11-14.jpg Vercel Blob: Cannot use public access on a private store. The store is configured with private access.
[photos] skip Ford Escape, Windsor, Ontario, 2025-07-01.jpg Vercel Blob: Cannot use public access on a private store. The store is configured with private access.
[photos] skip FORD ESCAPE (CX482) China.jpg Vercel Blob: Cannot use public access on a private store. The store is configured with private access.
[photos] skip FORD ESCAPE (CX482) China (2).jpg Vercel Blob: Cannot use public access on a private store. The store is configured with private access.
[photos] skip FORD ESCAPE FIRST GENERATION China.jpg Vercel Blob: Cannot use public access on a private store. The store is configured with private access.
[photos] skip FORD KUGA, FORD ESCAPE (CX482) China (3).jpg Vercel Blob: Cannot use public access on a private store. The store is configured with private access.
[photos] skip Ford Escape (fourth generation) 1X7A6227.jpg Vercel Blob: Cannot use public access on a private store. The store is configured with private access.
- 2025 Ford Escape (0)
[photos] skip 2016 Ford F-150 Limited Super Crew 3.5L, front 6.29.19.jpg Vercel Blob: Cannot use public access on a private store. The store is configured with private access.
[photos] skip 2016 Ford F-150 XL SuperCab 4x2 with XL Sport Package, front right, 07-09-2023.jpg Vercel Blob: Cannot use public access on a private store. The store is configured with private access.
[photos] skip Wild Adventures Christmas 2016, Ford F-150.jpg Vercel Blob: Cannot use public access on a private store. The store is configured with private access.
[photos] skip Ford F-150 XLT FX4 2016 (26140458158).jpg Vercel Blob: Cannot use public access on a private store. The store is configured with private access.
[photos] skip Ford F-150 XLT FX4 2016 (43550748274).jpg Vercel Blob: Cannot use public access on a private store. The store is configured with private access.
[photos] skip FORD F-150 SVT RAPTOR China.jpg Vercel Blob: Cannot use public access on a private store. The store is configured with private access.
[photos] skip Ford F-150 Lightning IAA 2023 1X7A0596.jpg Vercel Blob: Cannot use public access on a private store. The store is configured with private access.
[photos] skip Ford F-150 2.jpg Vercel Blob: Cannot use public access on a private store. The store is configured with private access.
[photos] skip Ford F-150 Shelby Super Snake.jpg Vercel Blob: Cannot use public access on a private store. The store is configured with private access.
[photos] skip Ford F-150 (fourteenth generation) Rutesheimer Autoschau 2025 DSC 9217.jpg Vercel Blob: Cannot use public access on a private store. The store is configured with private access.
- 2016 Ford F-150 (0)
[photos] skip 2019 Ford F-150 Lariat Crew Cab, front 2.21.20.jpg Vercel Blob: Cannot use public access on a private store. The store is configured with private access.
[photos] skip 2019 Ford F-150 XL regular cab 8' with Chrome package, front left, 06-15-2025.jpg Vercel Blob: Cannot use public access on a private store. The store is configured with private access.
[photos] skip 2019 Ford F-150 XLT Sport Package & Special Edition Package 4x4 Supercrew 5.5' Box in Oxford White, Front Left, 2023-11-12.jpg Vercel Blob: Cannot use public access on a private store. The store is configured with private access.
[photos] skip Ford F-150 Lariat Sport FX4 2019 (54414796589).jpg Vercel Blob: Cannot use public access on a private store. The store is configured with private access.
[photos] skip Ford F-150 Limited 2019.jpg Vercel Blob: Cannot use public access on a private store. The store is configured with private access.
[photos] skip FORD F-150 SVT RAPTOR China.jpg Vercel Blob: Cannot use public access on a private store. The store is configured with private access.
[photos] skip Ford F-150 Lightning IAA 2023 1X7A0596.jpg Vercel Blob: Cannot use public access on a private store. The store is configured with private access.
[photos] skip Ford F-150 2.jpg Vercel Blob: Cannot use public access on a private store. The store is configured with private access.
[photos] skip Ford F-150 Shelby Super Snake.jpg Vercel Blob: Cannot use public access on a private store. The store is configured with private access.
[photos] skip Ford F-150 (fourteenth generation) Rutesheimer Autoschau 2025 DSC 9217.jpg Vercel Blob: Cannot use public access on a private store. The store is configured with private access.
- 2019 Ford F-150 (0)
[photos] skip 2022 Ford F-150 Lightning Lariat in Atlas Blue Metallic, Front Right, 08-06-2022.jpg Vercel Blob: Cannot use public access on a private store. The store is configured with private access.
[photos] skip 2022 Ford F-150 Lightning Lariat in Atlas Blue Metallic, Rear Left, 08-06-2022.jpg Vercel Blob: Cannot use public access on a private store. The store is configured with private access.
[photos] skip 1987 Ford F-150 XLT Lariat in White, Rear Left, 08-06-2022.jpg Vercel Blob: Cannot use public access on a private store. The store is configured with private access.
[photos] skip 2022 Ford F-150 Supercrew, rear 5.2.22.jpg Vercel Blob: Cannot use public access on a private store. The store is configured with private access.
[photos] skip 1977 Ford F-150 Custom Regular Cab 8' Styleside, 07-22-2022.jpg Vercel Blob: Cannot use public access on a private store. The store is configured with private access.
[photos] skip FORD F-150 SVT RAPTOR China.jpg Vercel Blob: Cannot use public access on a private store. The store is configured with private access.
[photos] skip Ford F-150 Lightning IAA 2023 1X7A0596.jpg Vercel Blob: Cannot use public access on a private store. The store is configured with private access.
[photos] skip Ford F-150 2.jpg Vercel Blob: Cannot use public access on a private store. The store is configured with private access.
[photos] skip Ford F-150 Shelby Super Snake.jpg Vercel Blob: Cannot use public access on a private store. The store is configured with private access.
[photos] skip Ford F-150 (fourteenth generation) Rutesheimer Autoschau 2025 DSC 9217.jpg Vercel Blob: Cannot use public access on a private store. The store is configured with private access.
- 2022 Ford F-150 (0)
[photos] skip 2016 Ford Mustang 5.0 GT V8, front left, 05-05-2024.jpg Vercel Blob: Cannot use public access on a private store. The store is configured with private access.
[photos] skip Ford Mustang V6 Coupé (VI) – Frontansicht, 2. Oktober 2016, New York.jpg Vercel Blob: Cannot use public access on a private store. The store is configured with private access.
[photos] skip HK 石塘 Shek Tong Tsui 野馬跑車 Ford Mustang race car parking sidewalk in black Queen's Road West Nov 2016 Lnv2.jpg Vercel Blob: Cannot use public access on a private store. The store is configured with private access.
[photos] skip HK 石塘 Shek Tong Tsui 野馬跑車 Ford Mustang race car parking sidewalk in black Queen's Road West Nov 2016 Lnv4.jpg Vercel Blob: Cannot use public access on a private store. The store is configured with private access.
[photos] skip HK 石塘 Shek Tong Tsui 野馬跑車 Ford Mustang race car parking sidewalk in black tail Queen's Road West Nov 2016 Lnv5.jpg Vercel Blob: Cannot use public access on a private store. The store is configured with private access.
[photos] skip 2018 Ford Mustang GT 5.0 Front.jpg Vercel Blob: Cannot use public access on a private store. The store is configured with private access.
[photos] skip Ford Mustang convertible 5312550.jpg Vercel Blob: Cannot use public access on a private store. The store is configured with private access.
[photos] skip Ford Mustang, Classic Days 2019, Berlin (CDB90099).jpg Vercel Blob: Cannot use public access on a private store. The store is configured with private access.
[photos] skip Ford Mustang, Bj. 66, Lenkrad und Armaturenbrett (Sp).JPG Vercel Blob: Cannot use public access on a private store. The store is configured with private access.
[photos] skip Ford Mustang Oldtimertreffen Ebern 2019 6200043.jpg Vercel Blob: Cannot use public access on a private store. The store is configured with private access.
- 2016 Ford Mustang (0)
[photos] skip Ford Mustang, Classic Days 2019, Berlin (CDB90099).jpg Vercel Blob: Cannot use public access on a private store. The store is configured with private access.
[photos] skip Ford Mustang Oldtimertreffen Ebern 2019 6200116.jpg Vercel Blob: Cannot use public access on a private store. The store is configured with private access.
[photos] skip Ford Mustang Oldtimertreffen Ebern 2019 6200043.jpg Vercel Blob: Cannot use public access on a private store. The store is configured with private access.
[photos] skip Münster, Parkhaus am Coesfelder Kreuz, Ford Mustang Bullit -- 2019 -- 9279.jpg Vercel Blob: Cannot use public access on a private store. The store is configured with private access.
[photos] skip Münster, Parkhaus am Coesfelder Kreuz, Ford Mustang Bullit -- 2019 -- 9556-8.jpg Vercel Blob: Cannot use public access on a private store. The store is configured with private access.
[photos] skip 2018 Ford Mustang GT 5.0 Front.jpg Vercel Blob: Cannot use public access on a private store. The store is configured with private access.
[photos] skip Ford Mustang convertible 5312550.jpg Vercel Blob: Cannot use public access on a private store. The store is configured with private access.
[photos] skip Ford Mustang, Classic Days 2019, Berlin (CDB90099).jpg Vercel Blob: Cannot use public access on a private store. The store is configured with private access.
[photos] skip Ford Mustang, Bj. 66, Lenkrad und Armaturenbrett (Sp).JPG Vercel Blob: Cannot use public access on a private store. The store is configured with private access.
[photos] skip Ford Mustang Oldtimertreffen Ebern 2019 6200043.jpg Vercel Blob: Cannot use public access on a private store. The store is configured with private access.
- 2019 Ford Mustang (0)
[photos] skip 2015 Ford Mustang V6 Fastback, front left, 09-03-2022.jpg Vercel Blob: Cannot use public access on a private store. The store is configured with private access.
[photos] skip 2022 Ford Mustang GT California Special, front left side, 55th Annual All Ford Day.jpg Vercel Blob: Cannot use public access on a private store. The store is configured with private access.
[photos] skip 2021 Ford Mustang Mach-E Premium, rear left, 12-17-2022.jpg Vercel Blob: Cannot use public access on a private store. The store is configured with private access.
[photos] skip 2021 Ford Mustang Mach-E Premium, front left, 12-17-2022.jpg Vercel Blob: Cannot use public access on a private store. The store is configured with private access.
[photos] skip Ford Mustang of Tony Karanfilovski (TCM, Adelaide, 2022).jpg Vercel Blob: Cannot use public access on a private store. The store is configured with private access.
[photos] skip 2018 Ford Mustang GT 5.0 Front.jpg Vercel Blob: Cannot use public access on a private store. The store is configured with private access.
[photos] skip Ford Mustang convertible 5312550.jpg Vercel Blob: Cannot use public access on a private store. The store is configured with private access.
[photos] skip Ford Mustang, Classic Days 2019, Berlin (CDB90099).jpg Vercel Blob: Cannot use public access on a private store. The store is configured with private access.
[photos] skip Ford Mustang, Bj. 66, Lenkrad und Armaturenbrett (Sp).JPG Vercel Blob: Cannot use public access on a private store. The store is configured with private access.
[photos] skip Ford Mustang Oldtimertreffen Ebern 2019 6200043.jpg Vercel Blob: Cannot use public access on a private store. The store is configured with private access.
- 2022 Ford Mustang (0)
[photos] skip 2016 Chevrolet Camaro SS (01).jpg Vercel Blob: Cannot use public access on a private store. The store is configured with private access.
[photos] skip 2016 Chevrolet Camaro SS (02).jpg Vercel Blob: Cannot use public access on a private store. The store is configured with private access.
[photos] skip 2016 Chevrolet Camaro SS (03).jpg Vercel Blob: Cannot use public access on a private store. The store is configured with private access.
[photos] skip 2016 Chevrolet Camaro 2SS.jpg Vercel Blob: Cannot use public access on a private store. The store is configured with private access.
[photos] skip 2016 Chevrolet Camaro RS black.jpg Vercel Blob: Cannot use public access on a private store. The store is configured with private access.
[photos] skip 2019 Chevrolet Camaro base, front 11.9.19.jpg Vercel Blob: Cannot use public access on a private store. The store is configured with private access.
[photos] skip 1981 Chevrolet Camaro Rear.jpg Vercel Blob: Cannot use public access on a private store. The store is configured with private access.
[photos] skip 1969 Chevrolet Camaro, Tuning World Bodensee 2018, Friedrichshafen (OW1A0661).jpg Vercel Blob: Cannot use public access on a private store. The store is configured with private access.
[photos] skip Fifth-generation Chevrolet Camaro Leimershof -20190907-RM-165919.jpg Vercel Blob: Cannot use public access on a private store. The store is configured with private access.
[photos] skip Chevrolet Camaro RS (5th gen), 2015 model, Wien 26 July 2020 JM (4).jpg Vercel Blob: Cannot use public access on a private store. The store is configured with private access.
- 2016 Chevrolet Camaro (0)
[photos] skip 2019 Chevrolet Camaro 2SS, front 11.9.19.jpg Vercel Blob: Cannot use public access on a private store. The store is configured with private access.
[photos] skip 2019 Chevrolet Camaro 2SS, rear 11.9.19.jpg Vercel Blob: Cannot use public access on a private store. The store is configured with private access.
[photos] skip 2019 Chevrolet Camaro 2SS 6.2L front 3.16.19.jpg Vercel Blob: Cannot use public access on a private store. The store is configured with private access.
[photos] skip 2019 Chevrolet Camaro SS front NYIAS 2019.jpg Vercel Blob: Cannot use public access on a private store. The store is configured with private access.
[photos] skip Fifth-generation Chevrolet Camaro Leimershof -20190907-RM-165919.jpg Vercel Blob: Cannot use public access on a private store. The store is configured with private access.
[photos] skip 2019 Chevrolet Camaro base, front 11.9.19.jpg Vercel Blob: Cannot use public access on a private store. The store is configured with private access.
[photos] skip 1981 Chevrolet Camaro Rear.jpg Vercel Blob: Cannot use public access on a private store. The store is configured with private access.
[photos] skip 1969 Chevrolet Camaro, Tuning World Bodensee 2018, Friedrichshafen (OW1A0661).jpg Vercel Blob: Cannot use public access on a private store. The store is configured with private access.
[photos] skip Fifth-generation Chevrolet Camaro Leimershof -20190907-RM-165919.jpg Vercel Blob: Cannot use public access on a private store. The store is configured with private access.
[photos] skip Chevrolet Camaro RS (5th gen), 2015 model, Wien 26 July 2020 JM (4).jpg Vercel Blob: Cannot use public access on a private store. The store is configured with private access.
- 2019 Chevrolet Camaro (0)
[photos] skip 2017 Chevrolet Camaro LT Coupe, front left, 09-10-2022.jpg Vercel Blob: Cannot use public access on a private store. The store is configured with private access.
[photos] skip 1991 Chevrolet Camaro RS Coupe, front left (2022 Ellwood City Fall Fest & Car Cruise).jpg Vercel Blob: Cannot use public access on a private store. The store is configured with private access.
[photos] skip 2000 Chevrolet Camaro coupe, front right, 10-28-2022.jpg Vercel Blob: Cannot use public access on a private store. The store is configured with private access.
[photos] skip 1991 Chevrolet Camaro RS Coupe, rear left (2022 Ellwood City Fall Fest & Car Cruise).jpg Vercel Blob: Cannot use public access on a private store. The store is configured with private access.
[photos] skip 2000 Chevrolet Camaro Coupe, rear left, 10-28-2022.jpg Vercel Blob: Cannot use public access on a private store. The store is configured with private access.
[photos] skip 2019 Chevrolet Camaro base, front 11.9.19.jpg Vercel Blob: Cannot use public access on a private store. The store is configured with private access.
[photos] skip 1981 Chevrolet Camaro Rear.jpg Vercel Blob: Cannot use public access on a private store. The store is configured with private access.
[photos] skip 1969 Chevrolet Camaro, Tuning World Bodensee 2018, Friedrichshafen (OW1A0661).jpg Vercel Blob: Cannot use public access on a private store. The store is configured with private access.
[photos] skip Fifth-generation Chevrolet Camaro Leimershof -20190907-RM-165919.jpg Vercel Blob: Cannot use public access on a private store. The store is configured with private access.
[photos] skip Chevrolet Camaro RS (5th gen), 2015 model, Wien 26 July 2020 JM (4).jpg Vercel Blob: Cannot use public access on a private store. The store is configured with private access.
- 2022 Chevrolet Camaro (0)
[photos] skip 2017 Chevrolet Camaro 2LT coupe with RS package, front left, 05-24-2025.jpg Vercel Blob: Cannot use public access on a private store. The store is configured with private access.
[photos] skip 1968 Chevrolet Camaro SS Sport Coupe, front left, 06-07-2025.jpg Vercel Blob: Cannot use public access on a private store. The store is configured with private access.
[photos] skip 2002 Chevrolet Camaro SS coupe, front right, 09-27-2025.jpg Vercel Blob: Cannot use public access on a private store. The store is configured with private access.
[photos] skip Chevrolet Camaro RS-SS 350 Convertible, Classic-Gala 2025, Schwetzingen (20250906-P1049155).jpg Vercel Blob: Cannot use public access on a private store. The store is configured with private access.
[photos] skip Chevrolet Camaro RS-SS 350 Convertible, Classic-Gala 2025, Schwetzingen (20250906-P1049156).jpg Vercel Blob: Cannot use public access on a private store. The store is configured with private access.
[photos] skip 2019 Chevrolet Camaro base, front 11.9.19.jpg Vercel Blob: Cannot use public access on a private store. The store is configured with private access.
[photos] skip 1981 Chevrolet Camaro Rear.jpg Vercel Blob: Cannot use public access on a private store. The store is configured with private access.
[photos] skip 1969 Chevrolet Camaro, Tuning World Bodensee 2018, Friedrichshafen (OW1A0661).jpg Vercel Blob: Cannot use public access on a private store. The store is configured with private access.
[photos] skip Fifth-generation Chevrolet Camaro Leimershof -20190907-RM-165919.jpg Vercel Blob: Cannot use public access on a private store. The store is configured with private access.
[photos] skip Chevrolet Camaro RS (5th gen), 2015 model, Wien 26 July 2020 JM (4).jpg Vercel Blob: Cannot use public access on a private store. The store is configured with private access.
- 2025 Chevrolet Camaro (0)
[photos] skip 2018 Chevrolet Equinox LT, rear 3.24.19.jpg Vercel Blob: Cannot use public access on a private store. The store is configured with private access.
[photos] skip 2018 Chevrolet Equinox LT, front 3.24.19.jpg Vercel Blob: Cannot use public access on a private store. The store is configured with private access.
[photos] skip 2018 Chevrolet Equinox front 1.22.19.jpg Vercel Blob: Cannot use public access on a private store. The store is configured with private access.
[photos] skip 2018 Chevrolet Equinox LT, rear (2) 3.24.19.jpg Vercel Blob: Cannot use public access on a private store. The store is configured with private access.
[photos] skip 2018 Chevrolet Equinox LT, Front Left, 10-09-2020.jpg Vercel Blob: Cannot use public access on a private store. The store is configured with private access.
[photos] skip 2024 Chevrolet Equinox EV AWD (United States) front view.png Vercel Blob: Cannot use public access on a private store. The store is configured with private access.
[photos] skip CHEVROLET EQUINOX THIRD GENERATION China.jpg Vercel Blob: Cannot use public access on a private store. The store is configured with private access.
[photos] skip CHEVROLET EQUINOX THIRD GENERATION China (3).jpg Vercel Blob: Cannot use public access on a private store. The store is configured with private access.
[photos] skip CHEVROLET EQUINOX THIRD GENERATION China (4).jpg Vercel Blob: Cannot use public access on a private store. The store is configured with private access.
[photos] skip CHEVROLET EQUINOX THIRD GENERATION China (5).jpg Vercel Blob: Cannot use public access on a private store. The store is configured with private access.
- 2018 Chevrolet Equinox (0)
[photos] skip 2018 Chevrolet Equinox LT, Front Left, 10-09-2020.jpg Vercel Blob: Cannot use public access on a private store. The store is configured with private access.
[photos] skip 2018 Chevrolet Equinox LT, Rear Left, 10-09-2020.jpg Vercel Blob: Cannot use public access on a private store. The store is configured with private access.
[photos] skip Chevrolet Equinox LT AWD (2020) (53650422519).jpg Vercel Blob: Cannot use public access on a private store. The store is configured with private access.
[photos] skip 2020 Chevrolet Equinox au SIAM 2020.jpg Vercel Blob: Cannot use public access on a private store. The store is configured with private access.
[photos] skip Chevrolet Equinox 2020 au SIAM 2020.jpg Vercel Blob: Cannot use public access on a private store. The store is configured with private access.
[photos] skip 2024 Chevrolet Equinox EV AWD (United States) front view.png Vercel Blob: Cannot use public access on a private store. The store is configured with private access.
[photos] skip CHEVROLET EQUINOX THIRD GENERATION China.jpg Vercel Blob: Cannot use public access on a private store. The store is configured with private access.
[photos] skip CHEVROLET EQUINOX THIRD GENERATION China (4).jpg Vercel Blob: Cannot use public access on a private store. The store is configured with private access.
[photos] skip CHEVROLET EQUINOX THIRD GENERATION China (5).jpg Vercel Blob: Cannot use public access on a private store. The store is configured with private access.
[photos] skip Chevrolet Equinox LT (III, Facelift) – f 05102022.jpg Vercel Blob: Cannot use public access on a private store. The store is configured with private access.
- 2020 Chevrolet Equinox (0)
[photos] skip 2014 Chevrolet Equinox 1LT in White Diamond Clearcoat, Front Left, 07-30-2023.jpg Vercel Blob: Cannot use public access on a private store. The store is configured with private access.
[photos] skip 2023 Chevrolet Equinox au SIAM 2023.JPG Vercel Blob: Cannot use public access on a private store. The store is configured with private access.
[photos] skip 2023 Chevrolet Equinox interior.jpg Vercel Blob: Cannot use public access on a private store. The store is configured with private access.
[photos] skip 2024 Chevrolet Equinox EV AWD (United States) front view.png Vercel Blob: Cannot use public access on a private store. The store is configured with private access.
[photos] skip CHEVROLET EQUINOX THIRD GENERATION China.jpg Vercel Blob: Cannot use public access on a private store. The store is configured with private access.
[photos] skip CHEVROLET EQUINOX THIRD GENERATION China (4).jpg Vercel Blob: Cannot use public access on a private store. The store is configured with private access.
[photos] skip CHEVROLET EQUINOX THIRD GENERATION China (5).jpg Vercel Blob: Cannot use public access on a private store. The store is configured with private access.
[photos] skip Chevrolet Equinox LT (III, Facelift) – f 05102022.jpg Vercel Blob: Cannot use public access on a private store. The store is configured with private access.
- 2023 Chevrolet Equinox (0)
[photos] skip Chevrolet Tahoe LT 2016 (35220090675).jpg Vercel Blob: Cannot use public access on a private store. The store is configured with private access.
[photos] skip Chevrolet Tahoe LT 2016 (30476755267).jpg Vercel Blob: Cannot use public access on a private store. The store is configured with private access.
[photos] skip 2024 Chevrolet Tahoe 5.3 Z71 V8, rear right, 06-16-2024.jpg Vercel Blob: Cannot use public access on a private store. The store is configured with private access.
[photos] skip 2024 Chevrolet Tahoe 5.3 Z71 V8, front right, 06-16-2024.jpg Vercel Blob: Cannot use public access on a private store. The store is configured with private access.
[photos] skip 2015 Chevrolet Tahoe LT 5.3L front 3.24.19.jpg Vercel Blob: Cannot use public access on a private store. The store is configured with private access.
[photos] skip Talllmadge Fire Department Chevrolet Tahoe (51446915044).jpg Vercel Blob: Cannot use public access on a private store. The store is configured with private access.
[photos] skip 2024 Chevrolet Tahoe 5.3 High Country V8, 06-20-2024.jpg Vercel Blob: Cannot use public access on a private store. The store is configured with private access.
- 2016 Chevrolet Tahoe (0)
[photos] skip Chevrolet Tahoe LT 2019 (39643413503).jpg Vercel Blob: Cannot use public access on a private store. The store is configured with private access.
[photos] skip 2024 Chevrolet Tahoe 5.3 Z71 V8, rear right, 06-16-2024.jpg Vercel Blob: Cannot use public access on a private store. The store is configured with private access.
[photos] skip 2024 Chevrolet Tahoe 5.3 Z71 V8, front right, 06-16-2024.jpg Vercel Blob: Cannot use public access on a private store. The store is configured with private access.
[photos] skip 2015 Chevrolet Tahoe LT 5.3L front 3.24.19.jpg Vercel Blob: Cannot use public access on a private store. The store is configured with private access.
[photos] skip Talllmadge Fire Department Chevrolet Tahoe (51446915044).jpg Vercel Blob: Cannot use public access on a private store. The store is configured with private access.
[photos] skip 2024 Chevrolet Tahoe 5.3 High Country V8, 06-20-2024.jpg Vercel Blob: Cannot use public access on a private store. The store is configured with private access.
- 2019 Chevrolet Tahoe (0)
[photos] skip 1997 Chevrolet Tahoe 2-door in Dark Cherry Metallic, front right, 2-19-2022.jpg Vercel Blob: Cannot use public access on a private store. The store is configured with private access.
[photos] skip 1997 Chevrolet Tahoe 2-door in Dark Cherry Metallic, rear right, 2-19-2022.jpg Vercel Blob: Cannot use public access on a private store. The store is configured with private access.
[photos] skip 2022 Chevrolet Tahoe RST, rear 3.7.22.jpg Vercel Blob: Cannot use public access on a private store. The store is configured with private access.
[photos] skip 2022 Chevrolet Tahoe RST, front 3.7.22.jpg Vercel Blob: Cannot use public access on a private store. The store is configured with private access.
[photos] skip 2009 Chevrolet Tahoe Hybrid 4x4, front left, 12-01-2022.jpg Vercel Blob: Cannot use public access on a private store. The store is configured with private access.
[photos] skip 2024 Chevrolet Tahoe 5.3 Z71 V8, rear right, 06-16-2024.jpg Vercel Blob: Cannot use public access on a private store. The store is configured with private access.
[photos] skip 2024 Chevrolet Tahoe 5.3 Z71 V8, front right, 06-16-2024.jpg Vercel Blob: Cannot use public access on a private store. The store is configured with private access.
[photos] skip 2015 Chevrolet Tahoe LT 5.3L front 3.24.19.jpg Vercel Blob: Cannot use public access on a private store. The store is configured with private access.
[photos] skip Talllmadge Fire Department Chevrolet Tahoe (51446915044).jpg Vercel Blob: Cannot use public access on a private store. The store is configured with private access.
[photos] skip 2024 Chevrolet Tahoe 5.3 High Country V8, 06-20-2024.jpg Vercel Blob: Cannot use public access on a private store. The store is configured with private access.
- 2022 Chevrolet Tahoe (0)
[photos] skip 2016 Jeep Wrangler Unlimited Sahara (29146349484).jpg Vercel Blob: Cannot use public access on a private store. The store is configured with private access.
[photos] skip Jeep Wrangler Unlimited JK Sahara (2016) (53506413977).jpg Vercel Blob: Cannot use public access on a private store. The store is configured with private access.
[photos] skip Jeep Wrangler Black Ops (Montréal Ribfest 2016).jpg Vercel Blob: Cannot use public access on a private store. The store is configured with private access.
[photos] skip Jeep Wrangler Black Ops (2016 Montréal Ribfest).jpg Vercel Blob: Cannot use public access on a private store. The store is configured with private access.
[photos] skip Osaka Auto Messe 2016 (538) - Jeep WRANGLER Unlimited (JK) exhibited by Smart HID.jpg Vercel Blob: Cannot use public access on a private store. The store is configured with private access.
[photos] skip Jeep Wrangler rear view.jpg Vercel Blob: Cannot use public access on a private store. The store is configured with private access.
[photos] skip Jeep Wrangler Rubicon - October 2025 - Sarah Stierch.jpg Vercel Blob: Cannot use public access on a private store. The store is configured with private access.
[photos] skip Jeep Wrangler Rubicon (JL) 4xe 1X7A0285.jpg Vercel Blob: Cannot use public access on a private store. The store is configured with private access.
[photos] skip Jeep Wrangler Rubicon (JL) 4xe 1X7A0287.jpg Vercel Blob: Cannot use public access on a private store. The store is configured with private access.
[photos] skip JEEP WRANGLER (JL) China.jpg Vercel Blob: Cannot use public access on a private store. The store is configured with private access.
- 2016 Jeep Wrangler (0)
[photos] skip 2019 Jeep Wrangler Unlimited Sport in Black Clearcoat, front left, 07-10-2026.jpg Vercel Blob: Cannot use public access on a private store. The store is configured with private access.
[photos] skip 2019 Jeep Wrangler Unlimited Sport, Front Left, 10-21-2020.jpg Vercel Blob: Cannot use public access on a private store. The store is configured with private access.
[photos] skip Jeep Wrangler Mopar Genf 2019 1Y7A5061.jpg Vercel Blob: Cannot use public access on a private store. The store is configured with private access.
[photos] skip Jeep Wrangler Mopar Genf 2019 1Y7A5060.jpg Vercel Blob: Cannot use public access on a private store. The store is configured with private access.
[photos] skip 2019 Jeep Wrangler.jpg Vercel Blob: Cannot use public access on a private store. The store is configured with private access.
[photos] skip Jeep Wrangler rear view.jpg Vercel Blob: Cannot use public access on a private store. The store is configured with private access.
[photos] skip Jeep Wrangler Rubicon - October 2025 - Sarah Stierch.jpg Vercel Blob: Cannot use public access on a private store. The store is configured with private access.
[photos] skip Jeep Wrangler Rubicon (JL) 4xe 1X7A0285.jpg Vercel Blob: Cannot use public access on a private store. The store is configured with private access.
[photos] skip Jeep Wrangler Rubicon (JL) 4xe 1X7A0287.jpg Vercel Blob: Cannot use public access on a private store. The store is configured with private access.
[photos] skip JEEP WRANGLER (JL) China.jpg Vercel Blob: Cannot use public access on a private store. The store is configured with private access.
- 2019 Jeep Wrangler (0)
[photos] skip 2022 Jeep Wrangler Unlimited Sahara in Tuscadero Pearl, Front Left, 01-16-2022.jpg Vercel Blob: Cannot use public access on a private store. The store is configured with private access.
[photos] skip 2021 Jeep Wrangler Sport S 4x4 in Black, Front Left, 01-16-2022.jpg Vercel Blob: Cannot use public access on a private store. The store is configured with private access.
[photos] skip 2022 Jeep Wrangler Unlimited Sahara 4xe rear.jpg Vercel Blob: Cannot use public access on a private store. The store is configured with private access.
[photos] skip 2022 Jeep Wrangler Unlimited Sahara 4xe front.jpg Vercel Blob: Cannot use public access on a private store. The store is configured with private access.
[photos] skip Osaka Auto Messe 2022 (316) - Jeep WRANGLER RUBICON (JL) with DELTA FORCE wheel.jpg Vercel Blob: Cannot use public access on a private store. The store is configured with private access.
[photos] skip Jeep Wrangler rear view.jpg Vercel Blob: Cannot use public access on a private store. The store is configured with private access.
[photos] skip Jeep Wrangler Rubicon - October 2025 - Sarah Stierch.jpg Vercel Blob: Cannot use public access on a private store. The store is configured with private access.
[photos] skip Jeep Wrangler Rubicon (JL) 4xe 1X7A0285.jpg Vercel Blob: Cannot use public access on a private store. The store is configured with private access.
[photos] skip JEEP WRANGLER (JL) China.jpg Vercel Blob: Cannot use public access on a private store. The store is configured with private access.
[photos] skip JEEP WRANGLER SAHARA (JL) China (2).jpg Vercel Blob: Cannot use public access on a private store. The store is configured with private access.
- 2022 Jeep Wrangler (0)
[photos] skip Jeep Wrangler - January 2025 - Sarah Stierch.jpg Vercel Blob: Cannot use public access on a private store. The store is configured with private access.
[photos] skip Jeep Wrangler Rubicon - October 2025 - Sarah Stierch.jpg Vercel Blob: Cannot use public access on a private store. The store is configured with private access.
[photos] skip 2025 Jeep Wrangler 4xe charging - February 2025 - Sarah Stierch.jpg Vercel Blob: Cannot use public access on a private store. The store is configured with private access.
[photos] skip Moscow, Jeep Wrangler Unlimited red, Oct 2025 02.jpg Vercel Blob: Cannot use public access on a private store. The store is configured with private access.
[photos] skip Moscow, Jeep Wrangler Unlimited red, Oct 2025 03.jpg Vercel Blob: Cannot use public access on a private store. The store is configured with private access.
[photos] skip Jeep Wrangler rear view.jpg Vercel Blob: Cannot use public access on a private store. The store is configured with private access.
[photos] skip Jeep Wrangler Rubicon - October 2025 - Sarah Stierch.jpg Vercel Blob: Cannot use public access on a private store. The store is configured with private access.
[photos] skip Jeep Wrangler Rubicon (JL) 4xe 1X7A0285.jpg Vercel Blob: Cannot use public access on a private store. The store is configured with private access.
[photos] skip Jeep Wrangler Rubicon (JL) 4xe 1X7A0287.jpg Vercel Blob: Cannot use public access on a private store. The store is configured with private access.
[photos] skip JEEP WRANGLER (JL) China.jpg Vercel Blob: Cannot use public access on a private store. The store is configured with private access.
- 2025 Jeep Wrangler (0)
[photos] skip 2016 Jeep Grand Cherokee Laredo, Front Left, 09-15-2020.jpg Vercel Blob: Cannot use public access on a private store. The store is configured with private access.
[photos] skip Jeep Grand Cherokee Hemi Overland 2016 (27840218169).jpg Vercel Blob: Cannot use public access on a private store. The store is configured with private access.
[photos] skip 2016 Jeep Grand Cherokee SRT Auto.jpg Vercel Blob: Cannot use public access on a private store. The store is configured with private access.
[photos] skip 2016 Jeep Grand Cherokee WK2.jpg Vercel Blob: Cannot use public access on a private store. The store is configured with private access.
[photos] skip Jeep Grand Cherokee WJ 01 China 2016-04-06.jpg Vercel Blob: Cannot use public access on a private store. The store is configured with private access.
[photos] skip Jeep Grand Cherokee 4xe 001.jpg Vercel Blob: Cannot use public access on a private store. The store is configured with private access.
[photos] skip JEEP GRAND CHEROKEE (WK2) China.jpg Vercel Blob: Cannot use public access on a private store. The store is configured with private access.
[photos] skip Jeep Grand Cherokee L Overland Automesse Ludwigsburg 2022 1X7A5919.jpg Vercel Blob: Cannot use public access on a private store. The store is configured with private access.
[photos] skip Jeep Grand Cherokee L 1X7A7469.jpg Vercel Blob: Cannot use public access on a private store. The store is configured with private access.
[photos] skip Jeep Grand Cherokee L 3.6 V6 Overland (V) – f 30092023.jpg Vercel Blob: Cannot use public access on a private store. The store is configured with private access.
- 2016 Jeep Grand Cherokee (0)
[photos] skip Jeep Grand Cherokee 4xe 001.jpg Vercel Blob: Cannot use public access on a private store. The store is configured with private access.
[photos] skip JEEP GRAND CHEROKEE (WK2) China.jpg Vercel Blob: Cannot use public access on a private store. The store is configured with private access.
[photos] skip Jeep Grand Cherokee L Overland Automesse Ludwigsburg 2022 1X7A5919.jpg Vercel Blob: Cannot use public access on a private store. The store is configured with private access.
[photos] skip Jeep Grand Cherokee L 1X7A7469.jpg Vercel Blob: Cannot use public access on a private store. The store is configured with private access.
[photos] skip Jeep Grand Cherokee L 3.6 V6 Overland (V) – f 30092023.jpg Vercel Blob: Cannot use public access on a private store. The store is configured with private access.
- 2019 Jeep Grand Cherokee (0)
[photos] skip 2022 Jeep Grand Cherokee L Laredo 4x4, front right, 08-24-2022.jpg Vercel Blob: Cannot use public access on a private store. The store is configured with private access.
[photos] skip 2022 Jeep Grand Cherokee L Summit Reserve 4x4 rear.jpg Vercel Blob: Cannot use public access on a private store. The store is configured with private access.
[photos] skip 2022 Jeep Grand Cherokee L Summit Reserve 4x4 front.jpg Vercel Blob: Cannot use public access on a private store. The store is configured with private access.
[photos] skip 2022 Jeep Grand Cherokee Summit Reserve 4x4 in Bright White, Front Left, 01-16-2022.jpg Vercel Blob: Cannot use public access on a private store. The store is configured with private access.
[photos] skip 2022 Jeep Grand Cherokee Limited, rear 6.8.22.jpg Vercel Blob: Cannot use public access on a private store. The store is configured with private access.
[photos] skip Jeep Grand Cherokee 4xe 001.jpg Vercel Blob: Cannot use public access on a private store. The store is configured with private access.
[photos] skip JEEP GRAND CHEROKEE (WK2) China.jpg Vercel Blob: Cannot use public access on a private store. The store is configured with private access.
[photos] skip Jeep Grand Cherokee L Overland Automesse Ludwigsburg 2022 1X7A5919.jpg Vercel Blob: Cannot use public access on a private store. The store is configured with private access.
[photos] skip Jeep Grand Cherokee L 1X7A7469.jpg Vercel Blob: Cannot use public access on a private store. The store is configured with private access.
[photos] skip Jeep Grand Cherokee L 3.6 V6 Overland (V) – f 30092023.jpg Vercel Blob: Cannot use public access on a private store. The store is configured with private access.
- 2022 Jeep Grand Cherokee (0)
[photos] skip Cadillac Escalade (2016) (53332231848).jpg Vercel Blob: Cannot use public access on a private store. The store is configured with private access.
[photos] skip 2016 Cadillac Escalade V8 Auto (41042).jpg Vercel Blob: Cannot use public access on a private store. The store is configured with private access.
[photos] skip 2016 Cadillac Escalade - China (48935515956).jpg Vercel Blob: Cannot use public access on a private store. The store is configured with private access.
[photos] skip 2016 Cadillac Escalade V8 Auto.jpg Vercel Blob: Cannot use public access on a private store. The store is configured with private access.
[photos] skip Cadillac Escalade ESV 2016.jpg Vercel Blob: Cannot use public access on a private store. The store is configured with private access.
[photos] skip 2021 Cadillac Escalade rear.jpg Vercel Blob: Cannot use public access on a private store. The store is configured with private access.
[photos] skip 25 Cadillac Escalade IQ Luxury 1.jpg Vercel Blob: Cannot use public access on a private store. The store is configured with private access.
[photos] skip Cadillac Escalade ESV IV 001.jpg Vercel Blob: Cannot use public access on a private store. The store is configured with private access.
[photos] skip Cadillac Escalade 1Y7A6096.jpg Vercel Blob: Cannot use public access on a private store. The store is configured with private access.
[photos] skip CADILLAC ESCALADE China (1).jpg Vercel Blob: Cannot use public access on a private store. The store is configured with private access.
- 2016 Cadillac Escalade (0)
